,Low Income Solar House,Low Income Solar Apartment,Mid Income Solar House,Mid Income Solar Apartment,High Income Solar House,High Income Solar Apartment,Total Solar Panels,Global Adoption Rate,Clustering Score,Moran's I,Between-Class Gini
0,0,0,0,0,0,0,0,0.0,0.0,,0.0
1,2,0,6,0,1,0,9,0.0009,0.0,-0.0006253908692933081,0.28408399391582595
2,2,0,9,0,7,0,18,0.0018,0.0,-0.001251564455569461,0.3014796306033987
3,6,0,13,0,10,0,29,0.0029,0.012643678160919542,0.015258218778718642,0.21858138395487967
4,7,0,13,0,11,0,31,0.0031,0.011827956989247313,0.01400640716237241,0.21684564514844892
5,7,0,16,0,16,0,39,0.0039,0.009401709401709403,0.010139641014928254,0.2828628889368557
6,7,0,18,0,16,0,41,0.0041,0.00894308943089431,0.00937459127359573,0.272400587914783
7,8,0,24,0,19,0,51,0.0051,0.007189542483660131,0.006284512550577415,0.26605642629740717
8,11,0,24,0,20,0,55,0.0055,0.006666666666666667,0.00529167590861561,0.23709978937219103
9,14,0,29,0,21,0,64,0.0064,0.022960069444444446,0.019077845982142853,0.19875356308568026
10,14,0,31,0,24,0,69,0.0069,0.0212962962962963,0.017023246453669403,0.22306509753714923
11,18,0,36,0,27,0,81,0.0081,0.03144718792866941,0.01916257342613931,0.20123331212083903
12,18,0,39,0,28,0,85,0.0085,0.029967320261437908,0.01771965509920349,0.20347981087291775
13,18,0,42,0,30,0,90,0.009,0.03200617283950617,0.01606102958304217,0.2128545620567738
14,19,0,48,0,34,0,101,0.0101,0.02852035203520352,0.012866763283084028,0.2217407598166088
15,19,0,51,0,36,0,106,0.0106,0.035036687631027255,0.011580484576807092,0.2287733703505892
16,19,0,55,0,43,0,117,0.0117,0.04527540360873694,0.024116441098167633,0.2593826229201743
17,19,0,58,0,43,0,120,0.012,0.04414351851851852,0.02310340802987862,0.2543666126243512
18,20,0,62,0,45,0,127,0.0127,0.054177602799650046,0.024858574262327057,0.2516908474857306
19,20,0,66,0,48,0,134,0.0134,0.05134742951907131,0.022615525345374622,0.258942691656447
20,21,0,73,0,48,0,142,0.0142,0.054792644757433485,0.023818684774283717,0.24384050649808367
21,21,0,74,1,53,0,149,0.0149,0.054567486950037276,0.025142040348202725,0.2612876791415412
22,22,0,79,1,56,0,158,0.0158,0.05145921237693389,0.022490826147420383,0.2611778424413685
23,22,0,86,1,59,0,168,0.0168,0.05581065759637188,0.02281411440349045,0.26294901415363797
24,24,0,93,1,61,0,179,0.0179,0.0682096302208034,0.023245941919502414,0.253207261831371
25,25,0,97,1,63,0,186,0.0186,0.06730670762928827,0.021410059142054398,0.2514041829512819
26,26,0,100,1,65,0,192,0.0192,0.06672247023809523,0.019918355855855854,0.25074644343614655
27,28,0,107,1,67,0,203,0.0203,0.07214989444053482,0.022342540278578266,0.242695071906298
28,28,0,110,1,69,0,208,0.0208,0.07498282967032967,0.021116988986211074,0.24577108817810656
29,28,0,113,1,71,0,213,0.0213,0.07467583277442431,0.022314616535471378,0.24869648034505096
30,30,0,118,1,74,0,223,0.0223,0.07431667734358316,0.022233189339182093,0.24590194280147282
31,33,0,123,1,77,0,234,0.0234,0.07082315832315832,0.019688256822945508,0.24028234728887746
32,36,0,129,1,77,0,243,0.0243,0.06820007838526357,0.017729308975100215,0.22668883281879473
33,37,0,133,1,82,0,253,0.0253,0.0702945605119518,0.017660997508468636,0.23356401492740111
34,37,1,133,1,90,0,262,0.0262,0.07287804434751,0.015819978064278782,0.24965529814394186
35,37,1,136,1,94,0,269,0.0269,0.07246857850947071,0.016332525614236124,0.25625744247655025
36,38,1,137,1,100,0,277,0.0277,0.07037562317345711,0.01475950973282437,0.2654522199363056
37,40,1,139,1,105,0,286,0.0286,0.07134532134532134,0.014839041266701745,0.26882550903778607
38,41,1,143,1,109,0,295,0.0295,0.07033091202582728,0.013145456693843802,0.27112533650162574
39,41,1,146,1,112,0,301,0.0301,0.07521752887201391,0.014014388994389225,0.27454827303478674
40,43,1,151,1,116,0,312,0.0312,0.07256562881562881,0.011991474832190341,0.2735618846074617
41,43,1,159,1,118,0,322,0.0322,0.07233806566104702,0.01181740477558188,0.2717470059701054
42,45,1,163,1,120,0,330,0.033,0.07437229437229437,0.010414378324826083,0.2681838232293023
43,46,2,167,1,123,0,339,0.0339,0.08366237171546906,0.010564443124096528,0.2664396151127364
44,48,2,172,1,131,0,354,0.0354,0.08936876839419212,0.00973055316184241,0.27213199572999053
45,48,2,176,2,136,0,364,0.0364,0.09053733964448249,0.009645550343883758,0.2768151115628599
46,49,2,178,2,137,0,368,0.0368,0.08955323812660768,0.008976054250761811,0.2751752938184433
47,52,2,179,2,142,0,377,0.0377,0.08962579566027841,0.007492572786690437,0.27611178749582316
48,52,2,187,3,144,0,388,0.0388,0.09196642418291902,0.00839947740391856,0.27400533218237316
49,53,2,189,3,151,0,398,0.0398,0.09508164922737787,0.009373945106592925,0.2807353793652056
50,54,2,194,3,152,0,405,0.0405,0.09586624623661662,0.008230154837031428,0.27762106911033485
51,54,2,198,3,152,0,409,0.0409,0.0949286790362585,0.007588707188507088,0.2755384198354223
52,57,2,202,3,158,0,422,0.0422,0.09694396572358657,0.010440936031064791,0.2761577473443804
53,58,2,205,3,164,0,432,0.0432,0.09725261878039655,0.010001359502366634,0.2805554371669257
54,59,2,207,3,167,0,438,0.0438,0.10008977577470728,0.012562721353379646,0.28159751686080065
55,61,2,211,4,172,0,450,0.045,0.10745863395863395,0.01763306216090418,0.2819329980533782
56,63,2,216,4,173,0,458,0.0458,0.11053068110928373,0.020735240616918647,0.2775873603633691
57,64,2,219,4,175,0,464,0.0464,0.11082810867293626,0.02186021295037354,0.2769924676243991
58,65,2,222,4,180,0,473,0.0473,0.1125072073803575,0.02017025349645899,0.2798443183112604
59,66,2,228,4,183,0,483,0.0483,0.11254156471547776,0.02050407088122607,0.2790305682984158
60,67,2,236,4,189,0,498,0.0498,0.11293594290582241,0.017780283961513734,0.28064171621834877
61,67,2,239,5,192,0,505,0.0505,0.11959774548883459,0.02411522423760134,0.282126067344514
62,67,2,247,5,199,0,520,0.052,0.12721923909423907,0.027325129375164542,0.28598750485994834
63,71,2,254,5,202,0,534,0.0534,0.13207009906448108,0.03049407429405012,0.2806506778887612
64,73,2,257,5,208,0,545,0.0545,0.13218733865522858,0.029286439314097266,0.2827155440508853
65,73,2,261,5,211,0,552,0.0552,0.13113216795282012,0.027923552500401436,0.2840447140152575
66,73,2,270,5,214,0,564,0.0564,0.13422695803014953,0.029041128568041,0.28340874077771155
67,74,2,275,5,216,0,572,0.0572,0.13362407794225975,0.03024568439921918,0.2821096854172073
68,74,2,278,5,218,0,577,0.0577,0.1350688181417348,0.031994879784304445,0.282840276564665
69,74,2,280,5,220,0,581,0.0581,0.13582244862417275,0.03210726526773007,0.2839308596217844
70,74,2,287,5,226,0,594,0.0594,0.1369971699651295,0.03221568022718453,0.2867390681969373
71,74,2,291,5,232,0,604,0.0604,0.14052494860952572,0.032876266042412165,0.29051511694106447
72,75,2,297,5,233,0,612,0.0612,0.14296046742855253,0.033025601880477255,0.28800384419492014
73,75,2,299,5,235,0,616,0.0616,0.14274510494022688,0.033945306619277464,0.28899462534297077
74,79,2,303,5,238,0,627,0.0627,0.14310207896469876,0.03347237112481014,0.28544830648351915
75,82,2,307,5,244,0,640,0.064,0.14583202400103806,0.032593645442795846,0.28564358180320193
76,82,2,310,5,246,0,645,0.0645,0.14664263014418294,0.034073293635105084,0.2862679735556073
77,82,2,313,5,250,0,652,0.0652,0.14762599152000072,0.03512498899552413,0.2884950246470434
78,83,2,314,5,252,0,656,0.0656,0.15056669793311014,0.03674621402384587,0.28864889031299706
79,84,2,317,5,253,0,661,0.0661,0.1522350839396294,0.03814434468052667,0.2873435943094032
80,86,2,317,5,253,0,663,0.0663,0.1530483573157289,0.039470027788805075,0.285153185689611
81,88,2,319,5,256,0,670,0.067,0.15291680997959026,0.03884803029199736,0.2847089351431138
82,89,2,320,5,261,0,677,0.0677,0.15300694538860218,0.03901248801432819,0.28722141854085237
83,89,3,325,5,265,0,687,0.0687,0.1561273032118513,0.04106321741237047,0.28763131165224776
84,90,3,330,5,267,0,695,0.0695,0.155576364077805,0.0402116901171997,0.2865219712243614
85,92,3,336,5,271,0,707,0.0707,0.15489814717860043,0.03857113204626875,0.28559719810425604
86,95,3,339,5,272,0,714,0.0714,0.1562170648425908,0.037193198146757346,0.2823753273365985
87,95,3,342,5,275,0,720,0.072,0.15815207046083263,0.03749451574430467,0.2836968515755678
88,96,3,346,5,279,0,729,0.0729,0.16100022535462097,0.03889890520918698,0.2844291736559256
89,100,3,349,5,286,0,743,0.0743,0.1652053509533294,0.03903676421231061,0.2846459673283162
90,101,4,352,5,286,0,748,0.0748,0.16604252539239134,0.03948262530629729,0.2818410009235148
91,101,4,358,6,286,0,755,0.0755,0.16791388116089312,0.04092400858412115,0.2798455792961259
92,101,4,361,6,288,0,760,0.076,0.16925318524922747,0.04283439897995745,0.2804149578717028
93,102,4,364,6,289,0,765,0.0765,0.16887737644618378,0.04253183193167847,0.27933143104923214
94,103,4,366,7,289,0,769,0.0769,0.170270516098417,0.04242721657786692,0.27755803008194047
95,103,4,370,8,292,0,777,0.0777,0.17186576863996217,0.04290196330098658,0.27828082633212725
96,103,4,371,8,294,0,780,0.078,0.17338099632444107,0.04366826380775386,0.2793920010542175
97,104,4,373,8,300,0,789,0.0789,0.1740151702032261,0.04424018719206445,0.2820225087288251
98,105,4,377,8,305,0,799,0.0799,0.1750731145335913,0.04425282972640008,0.2833776827603203
99,107,4,383,8,308,0,810,0.081,0.17410264721527097,0.04404910671313781,0.2819579463457427
100,108,4,386,8,309,0,815,0.0815,0.17446838387797795,0.04370758371603057,0.2809333537269567
101,110,4,388,8,313,0,823,0.0823,0.1740385544892244,0.04342895280602372,0.28125821207082363
102,112,4,392,8,316,0,832,0.0832,0.17754725863159596,0.04422975478072931,0.2804177472773309
103,114,4,396,8,319,0,841,0.0841,0.17802648946868255,0.043831824775235825,0.2795947530306253
104,116,4,400,8,324,0,852,0.0852,0.17964418587948,0.044818746148077196,0.28005136893367794
105,118,4,403,8,325,0,858,0.0858,0.179553221959764,0.04488594274944609,0.27824646596682906
106,121,4,404,9,329,0,867,0.0867,0.17970311320022303,0.04374143817612391,0.27775102088914433
107,122,4,409,9,330,0,874,0.0874,0.17921619982973194,0.04238176551044506,0.27633032051753287
108,122,4,411,9,336,0,882,0.0882,0.18358533827283827,0.04387529217831916,0.2795333240194188
109,124,4,415,9,341,0,893,0.0893,0.18676484695003215,0.0429304336920878,0.2799693394281066
110,128,4,421,9,343,0,905,0.0905,0.18594134732008485,0.0430910641165867,0.2765483977412469
111,132,4,422,9,344,0,911,0.0911,0.18617296711356116,0.04252712140366083,0.27375118917471203
112,133,4,423,9,345,0,914,0.0914,0.18621975612107192,0.042538904140090206,0.2733343311088137
113,133,4,426,9,350,0,922,0.0922,0.18797001911132344,0.04412685808141186,0.2756148376212935
114,134,4,428,9,353,0,928,0.0928,0.1883642275650915,0.044707185067826186,0.27614128631672524
115,134,4,429,9,360,0,936,0.0936,0.18977804256176847,0.046035205369969315,0.27995614381220957
116,135,4,436,9,361,0,945,0.0945,0.1934205949582408,0.04846375251195843,0.2781803639762696
117,136,4,444,9,363,0,956,0.0956,0.1960141331996678,0.04969124770669718,0.2767780776959601
118,140,4,444,9,366,0,963,0.0963,0.19780699558275,0.0499924398283651,0.27547712404263763
119,140,4,452,9,369,0,974,0.0974,0.19814375867616607,0.04895538275338845,0.27542177383361316
120,142,4,459,9,372,0,986,0.0986,0.19872533885491203,0.0482749965418169,0.27412272572040114
121,143,4,460,9,375,0,991,0.0991,0.19867474537595872,0.04893659321722919,0.27483732000812555
122,143,4,463,9,379,0,998,0.0998,0.19927371964269552,0.04865777788717487,0.2763854150682284
123,147,4,465,9,386,0,1011,0.1011,0.20289108122358868,0.051493060362227595,0.2768729995092398
124,148,4,468,9,388,0,1017,0.1017,0.20239076331440864,0.05084861050264786,0.2766064064607492
125,151,5,471,9,391,0,1027,0.1027,0.20275729554997846,0.0510066153581624,0.27477194321809817
126,152,5,472,9,392,0,1030,0.103,0.20216559138008552,0.050414874982181515,0.27439986642752884
127,155,5,476,9,396,0,1041,0.1041,0.2038991019140201,0.05035004925035045,0.2736198695789425
128,156,5,479,9,399,0,1048,0.1048,0.20506803717845784,0.049516898858148056,0.2738990758534426
129,156,5,482,9,401,0,1053,0.1053,0.20448889967205855,0.04906647524251531,0.2743381301715573
130,156,5,483,9,402,0,1055,0.1055,0.20487606858689478,0.049194379049906554,0.27465530542157035
131,156,5,487,9,409,0,1066,0.1066,0.2076496824499644,0.05064276232132313,0.2774330086102208
132,159,5,491,9,413,0,1077,0.1077,0.20949831692854948,0.05053722162948183,0.27664993381043157
133,159,5,493,9,416,0,1082,0.1082,0.20970316077954967,0.05107712381126929,0.2777565512365679
134,162,5,497,9,421,0,1094,0.1094,0.2111151529077353,0.050256584343702386,0.2774746882028773
135,162,5,500,9,423,0,1099,0.1099,0.21310034668056546,0.050778881149840686,0.2778778742516013
136,162,5,502,9,429,0,1107,0.1107,0.2131638735824256,0.0507151423258479,0.28040575003241974
137,162,5,503,9,432,0,1111,0.1111,0.21407588475503636,0.050442119933122906,0.28165297400472306
138,162,5,505,9,436,0,1117,0.1117,0.21500353451655066,0.050821686222155694,0.2831707403941149
139,163,5,506,9,438,0,1121,0.1121,0.21631709202147484,0.05150973573404327,0.28328069936594824
140,164,5,508,9,438,0,1124,0.1124,0.2157381881177599,0.0509323006310958,0.2822583264462801
141,165,5,509,9,441,0,1129,0.1129,0.2193221976858744,0.05239045825486504,0.28284012585575136
142,166,5,514,9,445,0,1139,0.1139,0.22246088101061692,0.05302422713764873,0.2831252923051921
143,167,5,518,9,451,0,1150,0.115,0.22279106754913208,0.05421943153385683,0.28450964563377684
144,169,5,520,9,455,0,1158,0.1158,0.22280224465289397,0.05408581538365723,0.28471238572321855
145,170,5,520,9,456,0,1160,0.116,0.22241710680561153,0.05369873045599287,0.28454558580057787
146,171,6,524,9,459,0,1169,0.1169,0.2225047691492803,0.05336037828340234,0.2839277779697171
147,171,6,529,9,459,0,1174,0.1174,0.2226404691712121,0.053328681900110454,0.28301132730362494
148,174,6,534,9,460,0,1183,0.1183,0.22365019279214193,0.053911263463381265,0.28072611654558327
149,174,7,539,9,462,0,1191,0.1191,0.22541226193372657,0.05329197524082819,0.2801226689789031
150,174,8,545,9,467,0,1203,0.1203,0.22729946326821324,0.054077814637788206,0.28068247212584635
151,174,8,546,9,467,0,1204,0.1204,0.22748489252444293,0.05434030227067869,0.2805054519664865
152,174,8,547,10,467,0,1206,0.1206,0.22822889104061173,0.05486372728133532,0.2801520806598445
153,177,8,551,11,470,0,1217,0.1217,0.23078161427626007,0.05635467436643573,0.2788222295638521
154,179,8,556,12,472,0,1227,0.1227,0.23261573325911564,0.05539997186535742,0.2774883996455622
155,180,8,557,12,475,0,1232,0.1232,0.23307747198105214,0.056665108194993444,0.2780451757029425
156,180,8,565,12,477,0,1242,0.1242,0.23276422259473106,0.05606353379458965,0.2775478287812733
157,181,8,566,12,480,0,1247,0.1247,0.23388936001476193,0.057303725145078054,0.27809785157106415
158,184,8,567,12,481,0,1252,0.1252,0.23348681387112133,0.05676979117707329,0.2766378466624461
159,184,8,570,12,483,0,1257,0.1257,0.23418175391859603,0.0571179207275053,0.2769938580349187
160,184,8,572,12,486,0,1262,0.1262,0.23471452428958384,0.058325980459362894,0.27794072175532064
161,187,8,575,12,490,0,1272,0.1272,0.23765403233488339,0.058556748853176424,0.27744027692570167
162,187,9,581,12,493,0,1282,0.1282,0.23716509578511139,0.05682361587901845,0.2771525372701295
163,187,9,584,12,495,0,1287,0.1287,0.23746448255794048,0.05628493251500303,0.2774981513222068
164,190,9,588,12,498,0,1297,0.1297,0.23958581024848413,0.05649938211965509,0.27643239590323293
165,191,9,592,12,504,0,1308,0.1308,0.24392305355687255,0.05735872363811127,0.27771661335662295
166,192,9,595,13,507,0,1316,0.1316,0.24524313656363958,0.05750456324097994,0.2777554501974879
167,192,9,600,13,508,0,1322,0.1322,0.2469665040321338,0.05719014337100744,0.2773629288154651
168,192,9,606,13,510,0,1330,0.133,0.24954531705097316,0.05981860404292267,0.2772204403332246
169,193,9,613,13,513,0,1341,0.1341,0.2514954909214445,0.06017599986239933,0.27678907716123086
170,193,9,616,13,516,0,1347,0.1347,0.2535736942382512,0.06148454964245046,0.27752167391296423
171,195,10,620,14,519,0,1358,0.1358,0.2557325029721632,0.06222034678208335,0.2763467697976556
172,195,11,623,14,523,0,1366,0.1366,0.2582537231490976,0.063105226753278,0.27694194243542264
173,196,11,626,14,532,0,1379,0.1379,0.2595609693336966,0.06385258767376394,0.2794796667635541
174,199,12,627,14,536,0,1388,0.1388,0.25928891375965074,0.06410372494739366,0.27879888361250255
175,199,12,630,14,544,0,1399,0.1399,0.2615348043036215,0.0637615510399512,0.2814047070687005
176,201,12,635,14,550,0,1412,0.1412,0.26239331119480264,0.06519781570412224,0.28188902452811737
177,202,13,638,14,554,0,1421,0.1421,0.2630480620688807,0.06501408483921603,0.28191986775984573
178,204,13,642,14,557,0,1430,0.143,0.2641428123458278,0.06483064961184463,0.28142978732458523
179,204,13,644,14,559,0,1434,0.1434,0.2645894325177542,0.0644420194843278,0.28187280433486944
180,205,13,645,14,563,0,1440,0.144,0.26515438581072287,0.06482776754825571,0.282698483266502
181,206,13,646,15,564,0,1444,0.1444,0.26553592144737975,0.06482381508602907,0.28227043828536064
182,208,13,650,15,570,0,1456,0.1456,0.2676925758279064,0.06518594949629432,0.28287836437018266
183,208,13,654,15,575,1,1466,0.1466,0.2693263312534859,0.06591742358479247,0.28445540307227485
184,209,13,655,15,577,1,1470,0.147,0.2699078159599988,0.06551399745193656,0.28453540148914797
185,212,13,659,15,579,1,1479,0.1479,0.2709197854875821,0.06679623123654682,0.2832050063682532
186,214,13,662,15,584,1,1489,0.1489,0.27296879981223415,0.067861394497674,0.2835805349587823
187,216,13,667,15,586,1,1498,0.1498,0.27449901262652265,0.06910003508710713,0.28260826667917255
188,216,13,670,15,589,1,1504,0.1504,0.2751248260998261,0.06941743299614353,0.283235879873474
189,216,13,672,15,593,1,1510,0.151,0.2756096889314021,0.06935791844851556,0.2843491568490311
190,218,13,677,15,595,1,1519,0.1519,0.2774207246731999,0.06980395439245464,0.2833865584039012
191,219,13,680,15,599,1,1527,0.1527,0.28100443457469065,0.07118157733649856,0.2838763376604252
192,220,13,684,15,603,1,1536,0.1536,0.2827737835489141,0.07161204808263634,0.28422056457562234
193,220,13,689,15,605,1,1543,0.1543,0.28299291946952765,0.07103455407724797,0.28420548029252374
194,226,13,694,15,606,1,1555,0.1555,0.28394015630475977,0.07049219525368286,0.2810741466557795
195,226,13,697,15,610,1,1562,0.1562,0.2866130953983971,0.07272865313829895,0.2820252013907272
196,226,13,700,15,618,1,1573,0.1573,0.28759114354238635,0.0716461974588123,0.28430886375978054
197,226,13,702,15,621,1,1578,0.1578,0.28868187174254517,0.07209618590376808,0.28503573467137855
198,227,13,703,16,626,1,1586,0.1586,0.29215050032843964,0.0744413067661947,0.2859641666158718
199,230,14,708,17,630,1,1600,0.16,0.2918824518213616,0.07245597248205418,0.2846631479928452
200,231,15,714,18,634,1,1613,0.1613,0.2935447114517966,0.0745238962340251,0.2841401836899074
201,232,15,718,18,637,1,1621,0.1621,0.2957325837427878,0.07504523288021749,0.28414021248760807
202,232,15,721,18,641,1,1628,0.1628,0.29538738406503184,0.07436400720077543,0.2850362835620725
203,232,16,724,18,645,1,1636,0.1636,0.2968843987915679,0.07574244979205799,0.28548429114269663
204,235,16,726,18,651,1,1647,0.1647,0.2997588745534576,0.07708409721323715,0.28582113310552026
205,237,16,726,18,657,1,1655,0.1655,0.3012553542762507,0.07790376992275282,0.2868479877670427
206,238,16,728,18,659,1,1660,0.166,0.30187364048324195,0.07896469309858642,0.2867820821774778
207,239,16,731,19,663,1,1669,0.1669,0.3042137200470534,0.0797618399819069,0.28708185615053994
208,241,16,732,19,669,1,1678,0.1678,0.30441960551727576,0.07898732679901453,0.28795726615099104
209,242,16,737,19,671,1,1686,0.1686,0.30452456860750554,0.07942195054763135,0.28750262354889794
210,242,16,739,19,672,1,1689,0.1689,0.3045723276064522,0.07916430515620498,0.2875536336595215
211,243,16,746,19,676,1,1701,0.1701,0.3041251855261873,0.07846845342552453,0.28746084916734
212,245,16,751,19,677,1,1709,0.1709,0.3056032571208524,0.07822455794149386,0.2862883627526136
213,248,16,752,19,681,1,1717,0.1717,0.30681324335002097,0.07897259895206889,0.28612343088841286
214,250,16,754,19,685,1,1725,0.1725,0.3084373556264899,0.080039659423367,0.28625117578555237
215,250,16,755,19,690,1,1731,0.1731,0.3087908512705849,0.07951292514466687,0.28763257446426643
216,251,16,758,20,699,1,1745,0.1745,0.3116212485899448,0.08176119157481775,0.2894009960880184
217,251,17,762,20,704,1,1755,0.1755,0.313116798646496,0.08172934470782073,0.28996579952721985
218,251,17,764,20,709,1,1762,0.1762,0.31451192199912337,0.08261576245176594,0.2911799505118499
219,252,17,771,20,711,1,1772,0.1772,0.31556936731569085,0.08224947940556407,0.29048763113360243
220,254,17,772,20,712,1,1776,0.1776,0.31683353406688625,0.0827464389321764,0.2898439991147083
221,255,17,779,21,713,1,1786,0.1786,0.31600331720281216,0.08129151152286339,0.28875139970050423
222,257,17,781,21,715,1,1792,0.1792,0.3170635425039787,0.0810673305562311,0.28828379359741
223,258,17,781,21,717,1,1795,0.1795,0.3173048282135384,0.08047523347059883,0.2884610182060762
224,260,17,783,22,718,1,1801,0.1801,0.3174605884747788,0.08024997356175971,0.2875879877344336
225,261,17,784,22,723,1,1808,0.1808,0.3200544705048585,0.08236719494735273,0.28850685093896883
226,262,17,784,22,727,1,1813,0.1813,0.32095458055242465,0.08295652287695836,0.28925267051651904
227,262,17,788,22,729,1,1819,0.1819,0.3214139724676915,0.08271739973114385,0.2893417009712513
228,264,17,790,22,733,1,1827,0.1827,0.322413629675012,0.08334048116304238,0.2894470688629309
229,264,17,790,22,735,1,1829,0.1829,0.32306029966988875,0.08357333577921816,0.2900113181871779
230,265,17,793,22,740,1,1838,0.1838,0.324531840841819,0.08303947846325817,0.2906653054447963
231,266,17,793,22,744,1,1843,0.1843,0.326637863526118,0.0840821531018512,0.2913904922241673
232,267,17,796,22,750,1,1853,0.1853,0.32704368298608427,0.08304400047728333,0.29230756323187723
233,268,17,798,22,752,1,1858,0.1858,0.32838981781133886,0.08391840612457292,0.29223431517805515
234,268,18,798,22,757,1,1864,0.1864,0.32919346110878367,0.08500768303290544,0.2932191077297978
235,269,18,801,22,763,1,1874,0.1874,0.3302794375855873,0.08487626959081146,0.2941136601384036
236,272,18,803,22,765,1,1881,0.1881,0.3310800377329413,0.08471894750630385,0.29327128692373144
237,272,19,806,22,770,1,1890,0.189,0.3322194073453352,0.08483223522574233,0.2938884866867917
238,273,19,808,22,774,1,1897,0.1897,0.33270105855288107,0.08542951309116131,0.2943483394810828
239,276,19,809,22,778,1,1905,0.1905,0.33399752462745624,0.08536534131862612,0.2941650233902459
240,277,19,810,22,779,1,1908,0.1908,0.33446541568259003,0.08537803547596133,0.29393856297794363
241,279,19,814,22,782,2,1918,0.1918,0.3362383734053013,0.08429464010665294,0.2937884948960952
242,279,19,815,22,786,2,1923,0.1923,0.33721966253883917,0.08511604051919551,0.2947302359385784
243,279,19,817,22,791,2,1930,0.193,0.33908757029862946,0.08793866181737463,0.2958128281975185
244,281,19,817,22,794,2,1935,0.1935,0.3390529424255473,0.08724470886983862,0.29585162488982214
245,281,19,818,22,795,2,1937,0.1937,0.3395643551424721,0.08744653029702162,0.29599774049005817
246,284,19,821,22,798,2,1946,0.1946,0.3401556640807413,0.0880416875458844,0.29532448996338073
247,285,19,824,22,803,2,1955,0.1955,0.3418961776022258,0.08912786722146751,0.29590948832911995
248,286,20,827,22,804,2,1961,0.1961,0.3420696553489093,0.0891262844690744,0.2950940984508305
249,286,20,828,22,805,2,1963,0.1963,0.3418949517455646,0.08872819149178217,0.2952391242288764
250,286,20,830,22,812,2,1972,0.1972,0.34158423412998906,0.08842951562989027,0.2968073202406812
251,288,20,832,22,814,2,1978,0.1978,0.3419392744722192,0.08812140220722299,0.2963637998528781
252,290,20,833,22,819,2,1986,0.1986,0.34389467521092965,0.09005412643858855,0.29679515305136617
253,291,20,836,22,825,2,1996,0.1996,0.3443024335729007,0.09039485191027857,0.29761167249421483
254,293,20,838,22,826,2,2001,0.2001,0.34491989654189054,0.09085600946662215,0.2969207554365682
255,295,20,840,22,832,2,2011,0.2011,0.34690030460843024,0.09210545329274153,0.297483242003278
256,297,20,842,22,834,2,2017,0.2017,0.3470977050065022,0.09177599908093041,0.29704690119986915
257,299,20,843,22,838,2,2024,0.2024,0.3474634241164702,0.09153465814358934,0.29721880613069357
258,299,20,850,23,840,2,2034,0.2034,0.348872006505077,0.0912682379349046,0.29683870523035577
259,300,21,852,23,842,2,2040,0.204,0.3493712177803087,0.09236704155363072,0.29640888792346026
260,301,21,856,23,844,2,2047,0.2047,0.34926921144477463,0.0915431056277066,0.29611630082414947
261,305,21,859,23,844,2,2054,0.2054,0.34959532699283796,0.09043539120628959,0.2943920415189038
262,307,22,863,23,848,2,2065,0.2065,0.35094496051413526,0.09052408559470702,0.2939029863678673
263,307,23,867,23,850,2,2072,0.2072,0.3520250988864922,0.09027375728898929,0.29362137479032047
264,309,23,868,23,855,2,2080,0.208,0.3545686395264709,0.09066226852487368,0.2940455031196391
265,311,23,870,23,857,2,2086,0.2086,0.3562459838468969,0.09172262481807388,0.2936323125634188
266,315,23,873,23,860,2,2096,0.2096,0.3575084999224167,0.09253223949822975,0.2926745747003392
267,318,23,877,23,862,2,2105,0.2105,0.35914865623794195,0.0925642315786339,0.2917195015845359
268,318,23,878,23,866,2,2110,0.211,0.3597524203165533,0.09268406756464997,0.29258301722687285
269,319,23,880,23,868,2,2115,0.2115,0.36045327303028724,0.09391402796722469,0.2925182616751976
270,321,23,881,23,871,2,2121,0.2121,0.36150777585678345,0.09397317905618686,0.29245910624714816
271,322,23,884,23,875,2,2129,0.2129,0.3627656692804998,0.09514499211275682,0.29277038500730823
272,323,23,887,23,877,2,2135,0.2135,0.36483232534288873,0.09597695031085196,0.2926032050007537
273,325,23,892,23,879,2,2144,0.2144,0.3653951166749203,0.09499639276159165,0.29189830783244153
274,325,23,894,23,882,2,2149,0.2149,0.3653205476374786,0.09427296936063383,0.2924067386230247
275,328,23,900,23,888,2,2164,0.2164,0.36663929516523314,0.09465564649554704,0.29221807571940667
276,329,23,900,23,890,2,2167,0.2167,0.3666095987731048,0.094602619695476,0.2923575382853156
277,329,23,905,23,892,2,2174,0.2174,0.3677623878350019,0.09455395099748225,0.292322760956627
278,330,23,907,23,897,2,2182,0.2182,0.3683229708510721,0.09489679198700382,0.292960522870072
279,332,23,912,24,901,2,2194,0.2194,0.3700378789705772,0.09573956693153089,0.2926341378524695
280,333,23,916,24,906,2,2204,0.2204,0.3713415100312219,0.0959931995706105,0.2930655980223958
281,335,23,922,24,907,2,2213,0.2213,0.37254178339036875,0.09553836291966047,0.2920520434230533
282,336,23,926,24,912,2,2223,0.2223,0.3737814507330632,0.09568251496563873,0.29248279222899115
283,336,23,930,24,918,2,2233,0.2233,0.3739536293973801,0.09538262950743219,0.2934580939068077
284,336,23,931,24,923,3,2240,0.224,0.3757196281150091,0.09631073494208232,0.2947184544305396
285,337,23,932,25,924,3,2244,0.2244,0.3767080294452677,0.09740470075425822,0.2944275122598767
286,337,23,934,25,926,3,2248,0.2248,0.37691993793361445,0.09766357554015727,0.2946817087048008
287,338,24,938,25,928,3,2256,0.2256,0.3775477530935889,0.09784839598150225,0.2941028866242785
288,338,25,940,25,933,3,2264,0.2264,0.37981533836056924,0.09967063298531442,0.2947099108965269
289,338,26,946,25,936,3,2274,0.2274,0.38031059801825623,0.09953977332946286,0.29447980094934784
290,338,26,947,25,937,3,2276,0.2276,0.3805334273756451,0.09940078094941839,0.29460530640356736
291,341,26,949,25,942,3,2286,0.2286,0.381968254350401,0.09948793474566672,0.29457682379993483
292,342,27,950,25,945,3,2292,0.2292,0.3820358354589559,0.09906109788534873,0.29451647690306554
293,342,27,951,25,949,3,2297,0.2297,0.3826754564445125,0.09936069934051708,0.2953006771053153
294,344,27,952,26,955,3,2307,0.2307,0.38497479906197385,0.10072910021777966,0.29579864898691693
295,345,28,952,26,958,3,2312,0.2312,0.38549655781067854,0.1007027787759013,0.2958310687551635
296,346,28,956,26,959,3,2318,0.2318,0.38608199672993293,0.10130692178876533,0.2953574084579344
297,349,30,961,26,961,3,2330,0.233,0.38731291861557515,0.1013147349406131,0.29377621652664737
298,351,30,961,27,967,3,2339,0.2339,0.38874054370141625,0.10130424592134944,0.2943686070309444
299,352,30,962,27,970,3,2344,0.2344,0.38837677902606355,0.10055711791746903,0.2946158991947274
300,354,30,967,27,973,3,2354,0.2354,0.3895732948217735,0.10136043873153751,0.294183136048266
301,354,30,968,27,974,3,2356,0.2356,0.3894900054741299,0.10095915213267172,0.29430452083450964
302,354,30,971,27,975,3,2360,0.236,0.39066311583452834,0.10219294141438585,0.2942392929208986
303,356,30,972,27,976,3,2364,0.2364,0.39077536705924854,0.10215190824005568,0.2937537787287206
304,359,30,973,28,981,3,2374,0.2374,0.39180528068399595,0.10165171870598685,0.2937301440092739
305,359,30,975,28,985,3,2380,0.238,0.3926451978362195,0.10196495531435691,0.294396572106913
306,361,31,976,28,989,3,2388,0.2388,0.39293775277983267,0.10106539738118686,0.29425074142633756
307,362,31,977,28,991,3,2392,0.2392,0.39371614025098584,0.10177475427529636,0.2942820112241183
308,362,31,979,28,992,3,2395,0.2395,0.3939481761777479,0.10166914475753484,0.29430954410401106
309,362,31,982,28,993,3,2399,0.2399,0.39457838967182174,0.10162073185270065,0.29424539899201596
310,364,32,983,28,994,3,2404,0.2404,0.3950133116780372,0.10190728450943264,0.2934700395508451
311,364,32,984,28,999,3,2410,0.241,0.3967929042476554,0.10270656678758971,0.2944296564079396
312,365,32,984,28,1004,4,2417,0.2417,0.3981002848659053,0.10304963690059751,0.29538628597489885
313,366,32,986,28,1005,4,2421,0.2421,0.3981356378101728,0.10299425807681313,0.29511622583040964
314,367,32,987,28,1008,4,2426,0.2426,0.3983794520158322,0.10323499891839587,0.2953531491889316
315,368,32,990,28,1011,4,2433,0.2433,0.39853514003171187,0.10307140689027165,0.2954077784931968
316,371,32,992,28,1015,4,2442,0.2442,0.3992811169067535,0.10275161852478745,0.295171645264613
317,373,33,994,28,1017,4,2449,0.2449,0.400383538304437,0.10292642431948283,0.29452567303579347
318,373,33,997,28,1018,4,2453,0.2453,0.40052685807533706,0.10286394082277901,0.2944626790736364
319,375,33,1001,28,1020,4,2461,0.2461,0.40180836151059135,0.1037208474420558,0.29393381446519157
320,375,34,1002,28,1021,4,2464,0.2464,0.40187893620332676,0.10360283073045483,0.2937594887281021
321,375,34,1006,28,1023,4,2470,0.247,0.40279824952387894,0.10292292438738054,0.2938140770866253
322,378,34,1006,28,1027,5,2478,0.2478,0.40445496543502063,0.10356269719941776,0.29396813535865185
323,380,35,1007,28,1030,5,2485,0.2485,0.40591416512935724,0.10398943010815703,0.2936261401853395
324,381,35,1008,28,1032,5,2489,0.2489,0.4065099440214885,0.10440527622709038,0.29365722635957753
325,381,35,1010,28,1036,5,2495,0.2495,0.4072343606796123,0.10466013122980168,0.2942923244083467
326,382,35,1011,28,1039,6,2501,0.2501,0.40774098341353004,0.10515477650681634,0.2947256349200377
327,382,36,1015,28,1044,6,2511,0.2511,0.40854238183794306,0.10532440403675657,0.29509417373509966
328,382,36,1016,28,1046,6,2514,0.2514,0.40883599460868353,0.10593037345949091,0.2954071135415422
329,386,36,1019,28,1048,6,2523,0.2523,0.40984406974425897,0.10604939367844016,0.29440867558010203
330,386,36,1024,28,1054,6,2534,0.2534,0.4118854880830668,0.1057529469575414,0.2951697971749104
331,387,36,1026,28,1055,6,2538,0.2538,0.41224819155284076,0.10566822998089281,0.2949126924797422
332,389,36,1026,28,1057,6,2542,0.2542,0.4127722667055251,0.10558277081632694,0.2947459377573196
333,390,36,1028,29,1062,6,2551,0.2551,0.41368286487244715,0.10520841928035288,0.2951945947674906
334,392,36,1033,29,1064,6,2560,0.256,0.4154616168720578,0.10530833292839241,0.2945987558898602
335,393,36,1033,29,1066,6,2563,0.2563,0.41588653809282283,0.10542690493919085,0.2947129868280715
336,393,36,1035,29,1068,6,2567,0.2567,0.4165325586397704,0.10613679962194725,0.2949344330706441
337,394,36,1037,29,1070,6,2572,0.2572,0.4170661360391304,0.10584335185773175,0.2948768905218966
338,397,36,1040,30,1073,6,2582,0.2582,0.41772221849004015,0.10549162063184361,0.2942901400422044
339,398,36,1040,30,1076,6,2586,0.2586,0.4178654138858232,0.10516060045296328,0.2945988159936584
340,400,37,1045,30,1079,6,2597,0.2597,0.41927815068389,0.10504011180176359,0.2939318426789382
341,401,37,1047,30,1080,6,2601,0.2601,0.41983634709123013,0.10517896063460162,0.29368259548880493
342,401,37,1050,33,1081,6,2608,0.2608,0.4208019738767631,0.10463794163404595,0.2933725105840927
343,401,37,1052,33,1084,6,2613,0.2613,0.4217718064933082,0.10457390583331663,0.29378604742832365
344,401,37,1053,33,1088,6,2618,0.2618,0.4221652415217959,0.10497768352457243,0.29447438468440906
345,402,37,1054,33,1088,6,2620,0.262,0.42224180832352015,0.1050446882720535,0.2941174759083121
346,403,37,1054,33,1089,6,2622,0.2622,0.4223139709970724,0.10487712055156105,0.2940372519013015
347,405,37,1055,33,1090,6,2626,0.2626,0.42250565767493525,0.10477586694354263,0.29360131441574744
348,406,38,1055,33,1091,6,2629,0.2629,0.4227884346705522,0.1049658913737732,0.2932497267086176
349,406,38,1058,33,1093,6,2634,0.2634,0.42331882309199786,0.10512944817630646,0.2933849999540758
350,407,38,1060,33,1099,6,2643,0.2643,0.4244139482307323,0.10544363846950347,0.29409730771210674
351,410,38,1060,33,1102,6,2649,0.2649,0.42406964546853976,0.10493575729899982,0.2938592308283621
352,410,38,1060,33,1105,6,2652,0.2652,0.4244934606112077,0.10503008930153088,0.29443032370990235
353,412,38,1060,33,1106,6,2655,0.2655,0.42470548821630955,0.10512373557315707,0.29408162300426266
354,412,38,1061,33,1109,6,2659,0.2659,0.42494022952903,0.1047839843780347,0.2945683594349813
355,413,38,1061,33,1111,6,2662,0.2662,0.4249120696913984,0.10464487486990884,0.2946782913966824
356,413,38,1063,33,1115,6,2668,0.2668,0.425279737363356,0.1043658356834829,0.2952685089011391
357,413,38,1065,33,1119,6,2674,0.2674,0.4259469765009954,0.1049389251697798,0.29585568078333085
358,413,38,1068,33,1120,6,2678,0.2678,0.42612459846978235,0.10459692505915728,0.2957963329184981
359,414,38,1070,33,1122,6,2683,0.2683,0.42757391951890705,0.10520496474041806,0.2957396543291398
360,415,38,1071,34,1126,6,2690,0.269,0.4280411826887344,0.10494834457342628,0.29605626835245175
361,416,38,1071,34,1129,6,2694,0.2694,0.42904694763329065,0.10506311787876746,0.29634890094166016
362,416,38,1071,34,1130,6,2695,0.2695,0.4290237579377641,0.1050845181651416,0.29653468340441275
363,416,38,1075,35,1131,6,2701,0.2701,0.4295960713722867,0.10479610001701131,0.29631157971463784
364,417,38,1077,37,1133,6,2708,0.2708,0.4308511460115887,0.10475583913240563,0.2960916238165449
365,418,38,1079,37,1134,6,2712,0.2712,0.4312919521004768,0.10532262534154277,0.29585013389415993
366,418,38,1082,38,1137,6,2719,0.2719,0.4333259395911115,0.1061953173705371,0.2960797340976007
367,419,38,1087,38,1138,6,2726,0.2726,0.43336052223544924,0.10614529373145125,0.29559676181597433
368,420,38,1089,38,1142,6,2733,0.2733,0.4342009426242111,0.10723424251484476,0.29590893922570666
369,422,38,1089,38,1144,6,2737,0.2737,0.434309481995674,0.10665541901692181,0.2957527266947057
370,422,38,1093,38,1146,6,2743,0.2743,0.43452343735531335,0.10635356633392538,0.29579762603078813
371,424,38,1094,38,1148,6,2748,0.2748,0.43473047165306605,0.10602594656043945,0.29556204568815164
372,425,38,1094,39,1153,6,2755,0.2755,0.43581118658525075,0.10618063604999797,0.29613375888307747
373,425,39,1096,39,1153,6,2758,0.2758,0.4358694588638927,0.10580274233868776,0.2957144376135668
374,426,39,1100,39,1156,6,2766,0.2766,0.43709656655280577,0.106444639574342,0.2956818958818788
375,428,39,1101,39,1158,6,2771,0.2771,0.43749224965012257,0.10701097734437355,0.2954484945443214
376,428,39,1103,40,1161,6,2777,0.2777,0.43827762724901126,0.10737283028202356,0.2957535327831713
377,428,39,1104,41,1162,6,2780,0.278,0.438580304374422,0.10720941000908535,0.2957756806086979
378,430,39,1106,41,1162,6,2784,0.2784,0.43871983020190164,0.1075227556899013,0.29510333185904064
379,431,39,1106,41,1165,6,2788,0.2788,0.4396452170360458,0.10805802248014132,0.2953879622703098
380,431,39,1111,44,1168,6,2799,0.2799,0.4402586395888745,0.10740974242148667,0.2952979041774877
381,432,39,1113,44,1168,6,2802,0.2802,0.44008010996880376,0.10702810827712865,0.2948855207661052
382,433,39,1116,44,1168,6,2806,0.2806,0.4402486994877843,0.10755732373690173,0.29439558664288024
383,433,39,1119,44,1173,7,2815,0.2815,0.4409281266322819,0.10796414126662697,0.29523622177868863
384,433,39,1121,44,1175,7,2819,0.2819,0.4422271085485998,0.10826600320518671,0.2954369813749362
385,435,39,1121,44,1177,7,2823,0.2823,0.4425872682184522,0.10834495937227843,0.2952861592978375
386,435,41,1122,45,1178,7,2828,0.2828,0.4431510177095287,0.10842286866955257,0.2948024021320223
387,437,42,1123,45,1181,7,2835,0.2835,0.44377455465041205,0.1076594349049891,0.2945010220500512
388,437,42,1126,45,1183,7,2840,0.284,0.44396778000964116,0.10731341510992662,0.2946241694641804
389,438,42,1131,45,1184,7,2847,0.2847,0.44453473045263214,0.10656423803705736,0.29416432746796434
390,438,42,1131,45,1184,7,2847,0.2847,0.44453473045263214,0.10656423803705736,0.29416432746796434
391,439,42,1132,45,1187,7,2852,0.2852,0.4450812347646476,0.10665695463254223,0.2943675310465072
392,439,42,1132,46,1189,7,2855,0.2855,0.4453243469923036,0.10691319137060595,0.2946438962742488
393,440,43,1134,47,1193,7,2864,0.2864,0.4462652692553625,0.10751250925597315,0.2946182275942862
394,440,43,1138,47,1194,7,2869,0.2869,0.4473076366856662,0.10759202019698948,0.2944877992059565
395,440,43,1139,47,1199,8,2876,0.2876,0.44888837196523595,0.1083439612851378,0.2954625191763703
396,440,43,1140,47,1201,8,2879,0.2879,0.4493029266354515,0.10817521509381262,0.29573509698058115
397,441,43,1142,47,1206,8,2887,0.2887,0.44978675884424546,0.10808707099153546,0.29620399575613465
398,442,44,1146,47,1207,8,2894,0.2894,0.4503027776751129,0.1075527737899404,0.2955777153755352
399,443,44,1148,47,1209,8,2899,0.2899,0.4501270151507458,0.10720381165213339,0.2955256123857895
400,445,44,1148,47,1212,8,2904,0.2904,0.4506532501974642,0.10717962080376377,0.29555187487026524
401,446,44,1150,47,1214,8,2909,0.2909,0.45025435594604896,0.10638916155236586,0.2955000035482584
402,449,44,1153,47,1215,8,2916,0.2916,0.4509981838403949,0.10649394589631088,0.29470979616121484
403,449,44,1155,47,1217,8,2920,0.292,0.4517075603966432,0.10655247376311842,0.2949043422850912
404,451,44,1157,48,1217,8,2925,0.2925,0.4517747604318414,0.1064086458304479,0.29418988674171764
405,451,44,1164,48,1218,8,2933,0.2933,0.452721870943755,0.1063056146306795,0.29383858971154364
406,451,44,1167,48,1218,8,2936,0.2936,0.4531350002532795,0.10677684679919673,0.2936147277897961
407,453,44,1169,49,1220,8,2943,0.2943,0.4537642712348895,0.10687014600979018,0.2932492642326087
408,453,44,1173,49,1221,8,2948,0.2948,0.4543423944897531,0.10714933866063062,0.2931242129789859
409,454,44,1178,49,1221,8,2954,0.2954,0.4555225555068473,0.10701809956849395,0.29251182955040395
410,455,44,1179,49,1223,8,2958,0.2958,0.45560201903875336,0.10663986249568773,0.2925395783174081
411,456,44,1181,50,1225,8,2964,0.2964,0.45563464716174296,0.10607235117601813,0.2924199142726982
412,456,44,1183,50,1225,8,2966,0.2966,0.4555391733806717,0.10566248879339193,0.2922727285462508
413,456,44,1186,52,1227,8,2973,0.2973,0.45777870844537843,0.10681094019165346,0.29224754635427663
414,457,45,1187,52,1228,8,2977,0.2977,0.45888421040799116,0.10686354886605082,0.2918646564865804
415,457,45,1190,52,1231,8,2983,0.2983,0.4593219658650214,0.10671003847959463,0.2921570586071061
416,457,45,1194,52,1231,8,2987,0.2987,0.4599244635067099,0.10696549917543963,0.29186485663770406
417,458,45,1197,53,1232,8,2993,0.2993,0.46005039839277423,0.10704283918588083,0.29150460473318107
418,458,45,1199,53,1234,8,2997,0.2997,0.46033865628605736,0.10644834938434346,0.29169924586287027
419,460,45,1200,53,1237,8,3003,0.3003,0.46087804216889183,0.10693142183877644,0.29165926216237253
420,460,45,1201,53,1238,8,3005,0.3005,0.4612685393541267,0.10737344922891577,0.2917562018345377
421,460,46,1203,54,1241,8,3012,0.3012,0.4622849223244022,0.10723523599162987,0.291808828038205
422,461,46,1203,54,1243,8,3015,0.3015,0.4618911587601107,0.10663022324947542,0.2919093339225385
423,461,46,1204,54,1243,8,3016,0.3016,0.46195919049031225,0.10663937980677148,0.2918370467540788
424,461,46,1207,54,1243,8,3019,0.3019,0.46166517204641216,0.1062453528423751,0.29162039989982586
425,461,47,1209,54,1246,8,3025,0.3025,0.462233110081297,0.10629870210465371,0.29174513243193223
426,461,47,1209,55,1248,8,3028,0.3028,0.46216975427884643,0.10611449991035143,0.2920093615517863
427,462,48,1211,55,1249,8,3033,0.3033,0.46237382519301135,0.10573710169780079,0.2915617316673522
428,463,48,1213,55,1252,8,3039,0.3039,0.46281734695143084,0.10578664154930788,0.2916860065866265
429,463,48,1213,55,1255,8,3042,0.3042,0.46317928685474025,0.10581065506726965,0.2921879282722502
430,464,48,1216,55,1259,8,3050,0.305,0.46416109149475654,0.106081228175588,0.29240549901245955
431,464,48,1218,55,1261,8,3054,0.3054,0.46453347413933915,0.10549144516679265,0.2925951372935745
432,465,49,1219,55,1263,8,3059,0.3059,0.46546353280423913,0.10531183332620654,0.2923881169487654
433,465,49,1222,55,1264,8,3063,0.3063,0.46575172482636545,0.10513173903092225,0.2923401367860274
434,467,50,1224,55,1265,8,3069,0.3069,0.4659298407310737,0.1045412234411502,0.29166435890170295
435,467,50,1225,55,1266,8,3071,0.3071,0.46642360204062533,0.10497075178739076,0.291759199794927
436,467,50,1225,55,1268,8,3073,0.3073,0.4662638400382699,0.10477599877300103,0.29209036564908325
437,467,50,1228,55,1271,8,3079,0.3079,0.4667800076899252,0.10481438673623066,0.2923731811373294
438,467,50,1229,55,1273,8,3082,0.3082,0.46721645668855566,0.10524772492781992,0.292631941803611
439,469,51,1233,55,1273,8,3089,0.3089,0.4683081193269894,0.10470877738051244,0.2916541091625535
440,469,51,1233,55,1274,8,3090,0.309,0.4683962422990232,0.10492152817731235,0.29181886175492355
441,469,51,1234,55,1279,8,3096,0.3096,0.46932372490339364,0.10598808305963858,0.29256990163738017
442,469,52,1236,56,1280,8,3101,0.3101,0.4705829911374908,0.10683873694032704,0.29229170287753997
443,470,52,1238,56,1280,8,3104,0.3104,0.47091339932404375,0.10685964746296857,0.2919206925353759
444,470,52,1241,56,1283,8,3110,0.311,0.47168440656397376,0.10709137692230462,0.2922010815395266
445,470,52,1242,56,1284,8,3112,0.3112,0.47195560600781994,0.10751135349626963,0.29229429178492533
446,471,52,1243,56,1286,8,3116,0.3116,0.47252617808604186,0.10793795283609572,0.2923209413783339
447,472,52,1246,56,1287,8,3121,0.3121,0.47283386249395126,0.10733847178608812,0.2920448012019626
448,472,52,1247,56,1289,9,3125,0.3125,0.4738715163342212,0.10755715613835264,0.29246309898453476
449,473,52,1247,57,1290,9,3128,0.3128,0.4745883354439333,0.10818207203311911,0.29232705842177564
450,474,52,1250,57,1294,9,3136,0.3136,0.475144689614714,0.10737678841381182,0.2925382780161148
451,475,52,1252,57,1298,10,3144,0.3144,0.47579848829567645,0.10767634036514948,0.292979195638047
452,475,52,1253,57,1299,10,3146,0.3146,0.4761646008751666,0.10788493717664448,0.2930708268206896
453,477,52,1254,57,1300,10,3150,0.315,0.4763369196308689,0.10768847407569224,0.2927081789651675
454,478,52,1254,57,1302,10,3153,0.3153,0.4762970596593655,0.10789786150588176,0.2928032299606304
455,480,52,1257,58,1303,10,3160,0.316,0.4774518190311394,0.10770458348670005,0.29223443098796187
456,480,52,1258,58,1303,11,3162,0.3162,0.4777607094831988,0.10769978944150208,0.2923261231989603
457,480,52,1259,58,1307,11,3167,0.3167,0.47809115231328975,0.10750205158859859,0.2928985762918854
458,480,52,1259,58,1309,11,3169,0.3169,0.47835266070048754,0.10770730504421219,0.29321847885427355
459,481,52,1261,58,1311,11,3174,0.3174,0.4784364294989852,0.10791418431178504,0.2931744735396946
460,482,52,1265,58,1312,11,3180,0.318,0.4792922222478544,0.10832236539468992,0.29283367093573426
461,482,52,1266,58,1315,11,3184,0.3184,0.4796078513247099,0.10812019187137083,0.29324274986248416
462,482,52,1268,58,1315,11,3186,0.3186,0.479749242104958,0.1083226643774989,0.2931053828276718
463,484,53,1272,58,1320,11,3198,0.3198,0.4807222081160604,0.1085197906935516,0.2929531995499673
464,484,53,1274,58,1320,11,3200,0.32,0.481464815792047,0.10851820119963544,0.29281654696471887
465,485,53,1274,58,1323,11,3204,0.3204,0.4816395076451913,0.10811110783414084,0.2930682103123801
466,485,53,1279,58,1324,11,3210,0.321,0.48159562667714245,0.10750034284911288,0.2928853981081976
467,485,53,1283,58,1325,12,3216,0.3216,0.48250230151824436,0.10749277757875533,0.2929288744315876
468,485,54,1283,58,1328,12,3220,0.322,0.4829848600667445,0.1076876867331162,0.29317915057762783
469,485,55,1285,59,1331,12,3227,0.3227,0.4840328126236777,0.10767493432245605,0.2932251154138929
470,485,55,1286,60,1331,12,3229,0.3229,0.48441580594580175,0.10767085072047071,0.2930895629162757
471,486,55,1287,60,1331,12,3231,0.3231,0.48435348828098485,0.10746612601928182,0.2928004519688507
472,487,56,1289,60,1331,12,3235,0.3235,0.4845336086559922,0.10745716218672458,0.2922230302557689
473,488,57,1290,61,1331,12,3239,0.3239,0.4849534974546346,0.10703978659656675,0.29164667299321395
474,490,57,1290,61,1334,12,3244,0.3244,0.48555712208157437,0.10782643626984195,0.2916769102509191
475,491,57,1295,61,1335,12,3251,0.3251,0.48550218681687907,0.10700696525135052,0.291278522028672
476,491,58,1295,61,1336,12,3253,0.3253,0.48573293326640304,0.10700081917217509,0.2912155677253119
477,492,58,1295,61,1338,12,3256,0.3256,0.4863563592767212,0.10719058162963718,0.29130928259643757
478,493,59,1296,61,1339,12,3260,0.326,0.4868895891840503,0.10677862664005087,0.2909605026426991
479,495,59,1298,61,1341,12,3266,0.3266,0.48704530412848707,0.10675728407459255,0.2907023795144738
480,495,59,1301,63,1344,12,3274,0.3274,0.4882492790207529,0.1065275958530982,0.2908385461396832
481,495,60,1302,63,1346,12,3278,0.3278,0.48832335765134555,0.10651106332501499,0.2908657634511715
482,495,60,1305,63,1348,13,3284,0.3284,0.4889271364305459,0.10648484311969902,0.291133435265358
483,495,60,1305,63,1349,13,3285,0.3285,0.48917957300579334,0.10667839334009466,0.2912886493615046
484,496,60,1306,63,1349,13,3287,0.3287,0.4893893589005373,0.10666909509949002,0.2910050554873303
485,498,61,1309,63,1354,13,3298,0.3298,0.4906949826652672,0.1070350841474813,0.2909308977002915
486,499,61,1310,64,1355,13,3302,0.3302,0.49108191085320224,0.10682155495116105,0.29073744611947516
487,499,62,1311,64,1357,13,3306,0.3306,0.4913860107015187,0.10739696401358084,0.29076455963960085
488,499,62,1314,64,1361,13,3313,0.3313,0.4921923751198552,0.10755311853373788,0.2911840758142863
489,500,62,1315,64,1362,13,3316,0.3316,0.49237316752911203,0.10733794689580241,0.2910567982546615
490,500,62,1315,64,1363,13,3317,0.3317,0.4924761455314692,0.10713497881156477,0.29121052567939526
491,501,63,1316,65,1364,13,3322,0.3322,0.4927118387360174,0.10756996050401016,0.2908028984542308
492,501,65,1317,65,1364,13,3325,0.3325,0.49281099979839854,0.10755693866872296,0.290307898641524
493,503,65,1319,65,1365,13,3330,0.333,0.4929266308752399,0.10752358086989353,0.28990225535358416
494,504,66,1322,65,1366,13,3336,0.3336,0.4935252212703193,0.10788128145471586,0.2894327997292474
495,504,66,1324,65,1369,13,3341,0.3341,0.4945691733671273,0.10862879974786248,0.28976348825067816
496,504,66,1324,65,1371,13,3343,0.3343,0.4946473458733502,0.10841791569862408,0.2900697585251463
497,504,66,1325,65,1373,13,3346,0.3346,0.4946575000964751,0.10800371610539826,0.2903106935739423
498,504,66,1325,65,1375,13,3348,0.3348,0.49481030829510075,0.1078655581874996,0.29061595485023384
499,504,66,1326,67,1376,13,3352,0.3352,0.4951897908610929,0.10822545361247328,0.2905739900007287
500,506,66,1326,67,1378,13,3356,0.3356,0.49502978969133493,0.1078028651133578,0.29045283580562353
501,507,66,1329,67,1379,13,3361,0.3361,0.4950234765186111,0.1073720741411209,0.2901987082455733
502,507,66,1330,67,1380,13,3363,0.3363,0.4950470096332999,0.10735566392189247,0.2902862656559397
503,508,66,1331,69,1380,13,3367,0.3367,0.4953309536294292,0.10732230492634509,0.28988087913266786
504,508,66,1333,69,1380,13,3369,0.3369,0.49554187783185,0.10730535657819726,0.28975224910067476
505,508,66,1334,69,1380,13,3370,0.337,0.4955283398182258,0.1071021100503732,0.28968797688333153
506,508,66,1335,69,1381,13,3372,0.3372,0.49565478366464,0.106897889826956,0.2897756627827423
507,508,66,1337,69,1382,13,3375,0.3375,0.49587502821880275,0.10706647756691651,0.2897990368679017
508,509,66,1337,70,1383,13,3378,0.3378,0.4962169176333401,0.10691799571988468,0.28967515852092385
509,509,66,1340,71,1387,13,3386,0.3386,0.49697138684303666,0.1066516986824377,0.29002447025061046
510,509,67,1342,72,1388,13,3391,0.3391,0.4972645992560842,0.1062361199042028,0.2897729848949881
511,509,67,1344,73,1390,13,3396,0.3396,0.49777748332797783,0.10658644297995551,0.28988324738726173
512,512,67,1345,73,1392,13,3402,0.3402,0.49794827301192923,0.1057621863617575,0.28949085818937004
513,512,67,1346,73,1392,13,3403,0.3403,0.49806978199417895,0.10575258251448727,0.2894272479266884
514,512,67,1346,73,1393,13,3404,0.3404,0.49798262875548827,0.1055494747063423,0.2895778609347448
515,512,67,1346,73,1393,13,3404,0.3404,0.49798262875548827,0.1055494747063423,0.2895778609347448
516,512,68,1346,74,1394,13,3407,0.3407,0.4983398232122656,0.10552038559798986,0.2894552005563549
517,512,68,1348,74,1395,13,3410,0.341,0.49817225085767286,0.10536964904873869,0.2894786090857309
518,512,69,1349,74,1397,13,3414,0.3414,0.4985276731729714,0.10540174879182387,0.28950644048228985
519,513,69,1350,74,1397,13,3416,0.3416,0.4988462297673959,0.10576751947322896,0.28923406906487603
520,514,69,1350,74,1399,13,3419,0.3419,0.499287902654787,0.10592952298565729,0.2893254133765703
521,515,70,1352,74,1400,13,3424,0.3424,0.49942338665017905,0.10578825282079675,0.2889318792531779
522,515,70,1352,74,1400,13,3424,0.3424,0.49942338665017905,0.10578825282079675,0.2889318792531779
523,516,70,1353,75,1401,13,3428,0.3428,0.4993418250478965,0.10555303030303033,0.2887474323264326
524,516,70,1355,75,1401,13,3430,0.343,0.4996159541183421,0.105723928320461,0.28862148906663715
525,516,70,1357,75,1402,13,3433,0.3433,0.4996052899003516,0.10549886178405747,0.28864544468841274
526,516,70,1359,75,1404,13,3437,0.3437,0.4997518271538022,0.10555840967049163,0.28881889711889386
527,516,70,1360,75,1405,13,3439,0.3439,0.49988097177615864,0.10553605496437508,0.2889054638801721
528,516,70,1361,76,1407,13,3443,0.3443,0.5003397051451101,0.10568275697838103,0.2890782794708433
529,517,70,1361,76,1409,13,3446,0.3446,0.500885620592358,0.10641552144284042,0.2891690832405396
530,517,70,1362,76,1410,13,3448,0.3448,0.5011445066765161,0.10639200460166809,0.28925519028351543
531,518,70,1368,78,1410,14,3458,0.3458,0.5023068298173097,0.10628406090565815,0.288696398371384
532,518,71,1369,78,1410,14,3460,0.346,0.5023285971364073,0.1060805022621107,0.28842764289151895
533,518,71,1370,78,1411,14,3462,0.3462,0.5024822888111388,0.10567348710127701,0.28851391056053305
534,520,71,1372,78,1412,14,3467,0.3467,0.5019523919353909,0.10485522745577071,0.28812595058763985
535,520,71,1373,78,1412,14,3468,0.3468,0.5021540815072096,0.10484294785763161,0.2880637628367542
536,520,71,1373,78,1413,14,3469,0.3469,0.5022208577209086,0.10483062566668537,0.2882122409943239
537,522,71,1373,78,1414,14,3472,0.3472,0.5021903832051527,0.10479340377219704,0.2879494755407837
538,523,71,1373,79,1414,14,3474,0.3474,0.5024294811477322,0.10459005632638198,0.28768204144948567
539,523,71,1375,79,1414,14,3476,0.3476,0.5028289095790325,0.10494657852847014,0.28755811517298807
540,524,71,1376,79,1414,14,3478,0.3478,0.5032594316708913,0.10548572240422463,0.2872910796894487
541,524,71,1377,79,1416,14,3481,0.3481,0.5032965964935385,0.1056376149824631,0.2875259268096446
542,525,71,1377,80,1417,14,3484,0.3484,0.5037159141102703,0.10559842461338151,0.2874074956655683
543,526,71,1378,80,1417,14,3486,0.3486,0.5039372274543809,0.10576248783275231,0.28714112428402183
544,528,71,1380,80,1417,14,3490,0.349,0.5040698800148058,0.1055189073069492,0.2866090670435166
545,529,71,1382,81,1418,14,3495,0.3495,0.5043404108745785,0.10564155055968436,0.2863688108909055
546,529,71,1384,81,1420,14,3499,0.3499,0.5049722688013571,0.10596653697746077,0.2865421923013723
547,529,71,1384,81,1421,14,3500,0.35,0.5052428178225992,0.10576277286465376,0.2866900698607197
548,529,71,1384,81,1425,14,3504,0.3504,0.5055707806111513,0.10589667595981335,0.2872804313271904
549,529,71,1387,81,1426,14,3508,0.3508,0.5052978253252964,0.10508935914014778,0.28724366741412455
550,530,71,1388,81,1429,14,3513,0.3513,0.5057813781690497,0.10557891618711142,0.28742042523644046
551,531,71,1390,81,1430,14,3517,0.3517,0.5062220379289258,0.10589942166109396,0.28724198561112574
552,532,71,1391,81,1431,14,3520,0.352,0.5062828321543849,0.10585527990230446,0.2871249801399591
553,532,71,1392,81,1432,14,3522,0.3522,0.506471630109401,0.10601470510837918,0.28721061315950996
554,532,71,1393,81,1437,14,3528,0.3528,0.5071195836423796,0.10592459535180872,0.28788133587101933
555,532,71,1394,81,1438,14,3530,0.353,0.5069290125312733,0.10551669975783941,0.287966282689226
556,532,71,1395,81,1438,15,3532,0.3532,0.5074242368672907,0.10567500945229523,0.2880511280686129
557,533,71,1397,81,1438,15,3535,0.3535,0.5074415443000376,0.10562901890182982,0.2877272633807422
558,533,71,1399,81,1438,15,3537,0.3537,0.5077634444098367,0.10578666353322008,0.2876054539788333
559,534,72,1401,81,1439,15,3542,0.3542,0.5079787838876024,0.1057086049008893,0.2872266383854664
560,535,72,1401,81,1440,15,3544,0.3544,0.5078665355989351,0.10548884144344287,0.2871711284797828
561,536,72,1402,81,1440,15,3546,0.3546,0.5077236648637905,0.10526906037144655,0.28690933544301683
562,537,72,1404,82,1442,15,3552,0.3552,0.5081339512171241,0.10573740160727839,0.28681818851933577
563,538,72,1405,82,1444,15,3556,0.3556,0.5084768685069601,0.10604809651911631,0.28684810970911556
564,538,72,1407,82,1446,15,3560,0.356,0.5083000996603938,0.1056068610655871,0.287017893403569
565,538,72,1408,82,1446,15,3561,0.3561,0.5082977635783053,0.10559036184350551,0.2869575289929028
566,539,72,1409,82,1446,15,3563,0.3563,0.508145750905741,0.1053696730441679,0.28669703108163214
567,540,72,1411,82,1446,16,3567,0.3567,0.5084397619342168,0.10511566839265446,0.2865217479155923
568,541,72,1413,84,1447,16,3573,0.3573,0.5092136357807507,0.10540621517250413,0.28622671674000877
569,542,72,1413,84,1448,16,3575,0.3575,0.5090309162391485,0.10518503561723336,0.28617224319922885
570,545,73,1413,84,1448,16,3579,0.3579,0.5091841533347455,0.10492965718247231,0.28537530614953005
571,545,73,1414,84,1449,16,3581,0.3581,0.5092137850497114,0.10508227963194895,0.28546063553940826
572,546,74,1415,84,1450,16,3585,0.3585,0.5091991550998441,0.105012976636467,0.2851482932211124
573,546,74,1416,85,1451,16,3588,0.3588,0.5093907457697303,0.10497808591721089,0.28517403071344455
574,546,74,1419,86,1451,16,3592,0.3592,0.5098042171596202,0.10528104704719876,0.2849359215997868
575,546,74,1421,86,1451,16,3594,0.3594,0.5097708628834576,0.10526893987589254,0.28481701608955134
576,546,74,1421,87,1452,16,3596,0.3596,0.5100540770863415,0.1052332592920276,0.28490236301639343
577,547,74,1421,87,1453,17,3599,0.3599,0.510370563980078,0.1053658055228872,0.28499356229118966
578,547,74,1421,87,1453,17,3599,0.3599,0.510370563980078,0.1053658055228872,0.28499356229118966
579,547,74,1423,88,1455,17,3604,0.3604,0.5110398507539121,0.10583371060334178,0.28510435846194965
580,547,74,1424,88,1456,17,3606,0.3606,0.5109642310481012,0.10561084073409474,0.2851892870674404
581,548,74,1424,88,1456,17,3607,0.3607,0.5110723265660094,0.10540635694575295,0.2849917210249287
582,548,74,1425,88,1458,17,3610,0.361,0.5111415444179922,0.10516504751832578,0.2852206973824738
583,548,74,1426,88,1460,17,3613,0.3613,0.5111050768781046,0.10529534416230374,0.28544923330633215
584,549,74,1427,88,1461,17,3616,0.3616,0.5114596931009804,0.10542507924074848,0.2853366286216543
585,550,74,1428,88,1461,17,3618,0.3618,0.5117395861611276,0.1052017543689965,0.2850805203448658
586,552,74,1430,88,1463,17,3624,0.3624,0.5117498566922695,0.10471716575182984,0.2848563419791659
587,552,74,1433,88,1463,17,3627,0.3627,0.5121638063367173,0.10484543717391083,0.2846796417975816
588,554,74,1433,88,1465,17,3631,0.3631,0.5124833564487897,0.1047685936254093,0.2845740851221046
589,554,74,1434,88,1466,17,3633,0.3633,0.5124856644820134,0.10435956790123456,0.2846587056642577
590,554,74,1437,88,1467,17,3637,0.3637,0.5129477866834617,0.10465216115038016,0.28462579664912485
591,557,74,1437,88,1467,17,3640,0.364,0.5126900593755673,0.10440847510810614,0.28403857402325094
592,557,74,1437,88,1470,17,3643,0.3643,0.5130540420462745,0.10471917501670865,0.2844680795005572
593,557,75,1438,89,1470,17,3646,0.3646,0.5137314497709673,0.10467952066013217,0.28415566991016544
594,559,75,1438,89,1471,17,3649,0.3649,0.5139413814398062,0.10443507612322067,0.283908292471499
595,560,75,1438,89,1472,17,3651,0.3651,0.5142008195705052,0.10457970894618157,0.2838562392064968
596,561,75,1439,90,1473,17,3655,0.3655,0.5149441850392672,0.10470386296155836,0.28368775215602166
597,563,75,1441,91,1475,17,3662,0.3662,0.5153745010851647,0.1047457314671048,0.2834098266169421
598,563,75,1441,91,1476,17,3663,0.3663,0.5155982928313337,0.10472520157545671,0.2835524992171489
599,563,75,1441,91,1477,17,3664,0.3664,0.5155920726043168,0.10470463337997941,0.28369506563323094
600,563,75,1443,91,1477,17,3666,0.3666,0.5156824828330473,0.10466338214886707,0.2835789564664338
601,563,75,1444,91,1480,17,3670,0.367,0.5157004920417713,0.10475667808777107,0.2839479330668045
602,563,75,1445,91,1480,17,3671,0.3671,0.5159614060683579,0.10473580802896344,0.28388991522571444
603,563,75,1445,91,1481,17,3672,0.3672,0.5159434035011995,0.10453096843888054,0.28403202817156137
604,564,75,1445,91,1483,17,3675,0.3675,0.5157855680522069,0.10428428448874542,0.28412218005565143
605,564,75,1445,91,1483,17,3675,0.3675,0.5157855680522069,0.10428428448874542,0.28412218005565143
606,564,76,1446,91,1483,17,3677,0.3677,0.5159563944891731,0.10405849460942898,0.28387058744537813
607,565,76,1448,91,1483,17,3680,0.368,0.5163023598445071,0.10399527064644062,0.2835613844389438
608,567,77,1448,91,1484,17,3684,0.3684,0.5166317888534332,0.10335984602144883,0.2831235495244531
609,567,78,1449,91,1485,17,3687,0.3687,0.5173514843565848,0.10402984879939962,0.2830148266894552
610,567,78,1449,91,1487,17,3689,0.3689,0.5173873343152791,0.10417027667070983,0.28329843402572125
611,567,78,1449,91,1487,17,3689,0.3689,0.5173873343152791,0.10417027667070983,0.28329843402572125
612,567,78,1450,91,1487,17,3690,0.369,0.5173399333941878,0.10396538586648957,0.2832408397201715
613,568,78,1450,91,1489,17,3693,0.3693,0.5173972130245575,0.10390058226351574,0.28333131702585107
614,570,78,1450,91,1489,17,3695,0.3695,0.5173225532424786,0.10367402387276003,0.2829461593128535
615,570,78,1451,91,1489,17,3696,0.3696,0.5172952604315849,0.1034691705015218,0.2828887257237125
616,570,78,1451,91,1489,17,3696,0.3696,0.5172952604315849,0.1034691705015218,0.2828887257237125
617,571,78,1451,91,1489,17,3697,0.3697,0.5173112255212458,0.10326434527806379,0.28269631465605816
618,573,78,1451,92,1489,17,3700,0.37,0.5173324385289046,0.10301604256327712,0.282254467986314
619,574,78,1452,92,1489,17,3702,0.3702,0.517330574127367,0.10278944936889563,0.2820051566108015
620,574,78,1452,92,1490,17,3703,0.3703,0.5173800110491187,0.10276759726717478,0.2821468596964222
621,574,78,1453,92,1490,17,3704,0.3704,0.5172400272798955,0.10256283653483125,0.28208969060598993
622,574,78,1456,92,1490,17,3707,0.3707,0.5172953474000657,0.10249703908409002,0.281918322254662
623,574,78,1458,92,1492,17,3711,0.3711,0.5175541104469954,0.10259142338440135,0.2820871939185463
624,575,79,1462,92,1495,17,3720,0.372,0.518442036432972,0.10239035172417724,0.28190037011912067
625,575,79,1462,93,1497,17,3723,0.3723,0.5188757754793698,0.10250490458933478,0.2821255489852084
626,575,79,1462,93,1497,17,3723,0.3723,0.5188757754793698,0.10250490458933478,0.2821255489852084
627,575,79,1464,94,1499,17,3728,0.3728,0.5191397033285079,0.10239116403649473,0.28223660911234055
628,575,79,1465,94,1499,17,3729,0.3729,0.5190001871491667,0.10218624655367846,0.28217979432082263
629,575,79,1466,94,1500,17,3731,0.3731,0.5193324459795996,0.1023224719973599,0.2822636311016556
630,575,79,1466,95,1501,17,3733,0.3733,0.5195126585481895,0.10209456257272717,0.28234737288376016
631,576,79,1466,96,1501,17,3735,0.3735,0.5198331060974885,0.10223036120232382,0.28210016929518494
632,577,79,1466,96,1501,17,3736,0.3736,0.5197655159785936,0.10202540854169274,0.2819098034003901
633,577,80,1470,96,1504,17,3744,0.3744,0.5205073890452244,0.10149953326868107,0.2819144903844674
634,577,80,1471,96,1507,17,3748,0.3748,0.5207978233800034,0.1015875038715672,0.2822782248914062
635,579,80,1471,96,1509,17,3752,0.3752,0.5210848813966744,0.10185597892122827,0.28217868781038674
636,580,80,1472,96,1509,17,3754,0.3754,0.5209793436588293,0.10162722648860367,0.2819328138481468
637,581,80,1472,96,1509,17,3755,0.3755,0.5209970437505407,0.10160347100805665,0.2817434531703095
638,582,81,1475,96,1509,17,3760,0.376,0.5213172367109875,0.10094084566444747,0.28119636964704275
639,582,81,1476,96,1509,17,3761,0.3761,0.5212891503412028,0.10091696399100956,0.28114021824062146
640,582,81,1476,97,1509,17,3762,0.3762,0.5214299896724918,0.10089304545154193,0.28108408925519335
641,582,82,1477,97,1510,17,3765,0.3765,0.521655704769187,0.1010020089636252,0.2809790536596606
642,582,82,1478,97,1510,17,3766,0.3766,0.5218362115002224,0.10079700294730286,0.28092301073792525
643,582,82,1480,97,1510,17,3768,0.3768,0.522148178054389,0.10038706978347964,0.2808109919362489
644,582,82,1480,97,1511,17,3769,0.3769,0.5221954664941512,0.10036295661233398,0.2809507792139172
645,582,82,1482,98,1512,17,3773,0.3773,0.5222977314763113,0.10026613627294433,0.2809225590138234
646,582,82,1482,99,1512,17,3774,0.3774,0.522690111260837,0.10042249623857306,0.2808666348378341
647,582,82,1482,100,1512,17,3775,0.3775,0.5227553524759134,0.10057875674909106,0.2808107329234318
648,582,82,1482,100,1513,17,3776,0.3776,0.5228377776300688,0.10059224013671644,0.28095028012333856
649,583,82,1487,100,1513,17,3782,0.3782,0.5234257282700189,0.10062525279869683,0.28048309475128547
650,583,82,1488,101,1513,17,3784,0.3784,0.5234868846050925,0.1005757666658251,0.28037166131057356
651,583,82,1488,101,1515,17,3786,0.3786,0.5234887455261603,0.10052613458528956,0.2806504280345316
652,584,83,1488,101,1516,17,3789,0.3789,0.5239417651232919,0.1004514130782347,0.28041437540363834
653,584,83,1489,101,1517,17,3791,0.3791,0.5243211267748283,0.10076166906105256,0.28049797042524965
654,585,83,1489,101,1518,17,3793,0.3793,0.524494893473058,0.1008914671462175,0.28044967194023246
655,585,83,1489,101,1520,17,3795,0.3795,0.5247620507212144,0.10102099602747723,0.2807276603758602
656,585,83,1490,101,1520,17,3796,0.3796,0.524979906568437,0.1009956740254893,0.2806720906727615
657,586,83,1491,101,1521,17,3799,0.3799,0.5254902162729524,0.1009194907144957,0.28056825917234135
658,586,83,1491,101,1521,17,3799,0.3799,0.5254902162729524,0.1009194907144957,0.28056825917234135
659,586,83,1491,102,1522,17,3801,0.3801,0.5259391980344664,0.10104833760085813,0.2806515357005483
660,586,83,1492,102,1523,17,3803,0.3803,0.5260514244855096,0.10063765144122383,0.2807347195049547
661,586,83,1494,102,1524,17,3806,0.3806,0.5262088853077144,0.10038113857898459,0.2807623688186389
662,586,83,1494,102,1525,17,3807,0.3807,0.5264088077610987,0.10053511231823774,0.28090080956113406
663,587,83,1494,102,1527,17,3810,0.381,0.526494012437556,0.10099644850284237,0.2809907839676414
664,587,83,1495,103,1528,17,3813,0.3813,0.5270126184140252,0.10145690866982739,0.281018184722669
665,587,83,1497,103,1528,17,3815,0.3815,0.5272786130107782,0.10140462304558936,0.28090748989991177
666,587,83,1499,103,1530,17,3819,0.3819,0.5283239404027525,0.10201667976667025,0.28107286275211835
667,587,84,1500,103,1530,17,3821,0.3821,0.5282435187188277,0.10180313412599909,0.28083149254987366
668,587,84,1500,104,1531,17,3823,0.3823,0.5282053082989788,0.10160531330235849,0.2809141427924948
669,587,84,1501,104,1531,17,3824,0.3824,0.5282677981727648,0.10157884099094272,0.28085894037787335
670,588,84,1501,105,1531,17,3826,0.3826,0.5282995535895885,0.10152578924485348,0.2806179299172132
671,588,84,1501,105,1531,17,3826,0.3826,0.5282995535895885,0.10152578924485348,0.2806179299172132
672,588,84,1504,106,1532,17,3831,0.3831,0.5284418124876804,0.1012135751980622,0.28053537635121256
673,589,84,1504,106,1533,17,3833,0.3833,0.5283397949822402,0.10098118507502925,0.28048755216317156
674,590,84,1504,106,1534,17,3835,0.3835,0.5283119194687925,0.10092761291754475,0.2804397807682945
675,590,85,1504,106,1534,17,3836,0.3836,0.5283437084135498,0.10072196429002489,0.28025447554706656
676,590,85,1505,107,1534,17,3838,0.3838,0.5287651046286432,0.10102573651108905,0.28014468482444305
677,590,86,1506,107,1534,17,3840,0.384,0.5288474020095505,0.1011504367426857,0.27990472998680804
678,590,86,1507,107,1534,17,3841,0.3841,0.5287094298201402,0.10094470092527558,0.2798499353151662
679,590,87,1507,107,1536,17,3844,0.3844,0.5287410897440493,0.1008633459094839,0.27994013451148936
680,591,87,1508,107,1536,17,3846,0.3846,0.5287080187112373,0.10063042399739353,0.2797006176536878
681,591,87,1510,107,1536,17,3848,0.3848,0.5287209684038728,0.10057592836306226,0.2795912929719706
682,591,87,1512,107,1536,17,3850,0.385,0.5290208335451315,0.1010564551156595,0.2794820537188551
683,592,87,1515,107,1537,17,3855,0.3855,0.5289590241000048,0.10056231732770504,0.27927143514911085
684,592,88,1515,107,1538,17,3857,0.3857,0.528959441289229,0.1006853042721668,0.2792245670387931
685,594,88,1515,107,1539,17,3860,0.386,0.5289236259790135,0.10042407308633709,0.2789937046958932
686,594,88,1517,107,1540,17,3863,0.3863,0.5293085453156408,0.10069670421360033,0.2790222711196619
687,595,88,1518,107,1540,17,3865,0.3865,0.5293285342176587,0.10046288896965982,0.2787841493451733
688,596,88,1519,107,1542,17,3869,0.3869,0.530157167351509,0.1003508374039225,0.2788205756539952
689,596,88,1519,107,1543,17,3870,0.387,0.5304946029201215,0.10032273675022138,0.2789576116873807
690,596,88,1520,107,1543,17,3871,0.3871,0.5305046857162707,0.10029460101833815,0.27890339878479714
691,598,88,1521,107,1543,17,3874,0.3874,0.5305869438001753,0.09984674573057652,0.2784824773246335
692,600,88,1522,107,1544,17,3878,0.3878,0.5308903238508802,0.1000808869949495,0.2781991148785199
693,601,88,1523,107,1544,17,3880,0.388,0.5308619766283385,0.09983862637317306,0.2779621556825476
694,602,88,1523,108,1545,17,3883,0.3883,0.5314181142071086,0.09976104073919156,0.2778624135313173
695,602,88,1523,108,1546,17,3884,0.3884,0.5317411057497108,0.10008723922957298,0.2779993504083915
696,602,89,1523,108,1546,17,3885,0.3885,0.531947861547385,0.10008723922957298,0.27781662758873676
697,602,89,1524,108,1546,17,3886,0.3886,0.5318106908765374,0.09988123169458517,0.27776281882622716
698,602,90,1525,108,1547,17,3889,0.3889,0.5322873221629607,0.10032693215157669,0.277663371240571
699,602,90,1525,108,1548,17,3890,0.389,0.5324563599634061,0.10029807808231085,0.2778001759073792
700,602,90,1526,110,1549,17,3894,0.3894,0.5328526584271188,0.10053654924635878,0.27777571448098454
701,602,90,1527,110,1551,17,3897,0.3897,0.5331361843980391,0.10062621714381706,0.2779951013581316
702,603,90,1528,111,1552,17,3901,0.3901,0.5331652340212198,0.10015530504106093,0.27784215484970004
703,603,90,1529,111,1552,17,3902,0.3902,0.5332576048247216,0.09994912060884314,0.27778855813647185
704,603,90,1532,111,1552,17,3905,0.3905,0.5333506324800533,0.10003789943291391,0.27762789199292764
705,603,90,1533,113,1554,17,3910,0.391,0.5334684782358675,0.0995665761169637,0.2777398460553579
706,604,90,1534,113,1554,17,3912,0.3912,0.5335352919708332,0.09950750510772273,0.27750489556458824
707,604,90,1534,114,1555,17,3914,0.3914,0.533757983772667,0.09947791781089095,0.2775875906510505
708,604,90,1535,114,1555,18,3916,0.3916,0.5342854792400219,0.10012479248078056,0.27767019613857097
709,604,90,1537,114,1556,19,3920,0.392,0.5345219719982892,0.10001892506373102,0.2778351388986322
710,604,90,1537,115,1556,19,3921,0.3921,0.5344173152203698,0.10001892506373102,0.2777817895494417
711,604,90,1540,115,1557,19,3925,0.3925,0.5343040597590899,0.09972261164496538,0.2777575289484737
712,604,90,1540,115,1558,19,3926,0.3926,0.5345854790296732,0.10004511295425852,0.2778930989546666
713,604,91,1542,115,1559,19,3930,0.393,0.5349996443781126,0.10045280408516077,0.2777413119603471
714,605,91,1542,116,1560,19,3933,0.3933,0.5354407931687811,0.10036158381848857,0.277642951267012
715,605,91,1547,116,1560,19,3938,0.3938,0.5358686624290576,0.10038480500632592,0.2773774224197629
716,605,91,1547,116,1560,19,3938,0.3938,0.5358686624290576,0.10038480500632592,0.2773774224197629
717,605,91,1550,116,1561,19,3942,0.3942,0.535771669575013,0.10007814407814407,0.2773536280654172
718,605,91,1553,116,1561,19,3945,0.3945,0.5362195537284064,0.0999856943375669,0.27719471440402205
719,605,92,1555,116,1561,19,3948,0.3948,0.5362427368093238,0.09954162966944463,0.2769090056309304
720,605,92,1555,116,1561,19,3948,0.3948,0.5362427368093238,0.09954162966944463,0.2769090056309304
721,606,94,1555,116,1563,19,3953,0.3953,0.5367773886360333,0.0997376665933166,0.27664030966451775
722,607,94,1555,116,1563,19,3954,0.3954,0.5366413578735811,0.09953102503747584,0.27646078912390043
723,608,94,1556,116,1563,19,3956,0.3956,0.5363695030823585,0.09911780891039218,0.2762286974119033
724,608,94,1556,116,1563,19,3956,0.3956,0.5363695030823585,0.09911780891039218,0.2762286974119033
725,610,94,1556,116,1564,19,3959,0.3959,0.5365027872576222,0.09901623713194123,0.2760053312833379
726,611,94,1558,116,1565,19,3963,0.3963,0.5366284120348225,0.09854046393268678,0.2758563677018199
727,611,94,1558,116,1565,19,3963,0.3963,0.5366284120348225,0.09854046393268678,0.2758563677018199
728,611,94,1558,116,1566,19,3964,0.3964,0.5367692164791137,0.09850910840540501,0.27599144703160333
729,611,94,1558,116,1566,19,3964,0.3964,0.5367692164791137,0.09850910840540501,0.27599144703160333
730,611,95,1558,116,1567,19,3966,0.3966,0.5371519675290148,0.09897174318932572,0.27594753073190637
731,612,95,1558,116,1567,20,3968,0.3968,0.5374972611481079,0.09890862779899272,0.27590366141611256
732,613,95,1561,116,1568,20,3973,0.3973,0.537689572294201,0.0984003403279436,0.27570281657112633
733,614,95,1564,116,1568,20,3977,0.3977,0.5377635672942684,0.09809840915028474,0.27536760880951405
734,614,95,1565,116,1568,20,3978,0.3978,0.538051524174283,0.09824139597473956,0.2753154108954388
735,614,95,1565,117,1568,20,3979,0.3979,0.5380797156816681,0.09803471830652603,0.27526323276659453
736,614,95,1566,117,1568,20,3980,0.398,0.5380575405266625,0.09800282234185084,0.2752110744117342
737,615,95,1566,118,1568,20,3982,0.3982,0.5381953599636923,0.09828833878476702,0.27498081390888346
738,615,95,1566,118,1569,20,3983,0.3983,0.5385610131226113,0.09843096362295835,0.275115625160627
739,615,95,1566,118,1569,20,3983,0.3983,0.5385610131226113,0.09843096362295835,0.275115625160627
740,615,95,1567,118,1569,20,3984,0.3984,0.5387129990707338,0.09839885016619354,0.27506354230592595
741,616,95,1567,118,1569,20,3985,0.3985,0.5386697387407352,0.09836670312625603,0.27488556708371137
742,616,95,1567,119,1569,20,3986,0.3986,0.5388329930140772,0.09850911679607335,0.274833547462789
743,616,95,1567,119,1571,20,3988,0.3988,0.5390043140752571,0.09844459979508452,0.2751029329586954
744,617,95,1568,119,1571,20,3990,0.399,0.5388800862262321,0.09827159890672113,0.27487316818575414
745,618,96,1570,119,1571,20,3994,0.3994,0.5393905062074538,0.09896369372748633,0.27441415906356514
746,618,96,1570,120,1572,21,3997,0.3997,0.5397764456569553,0.0990400320987849,0.2746315012334401
747,618,96,1571,120,1572,22,3999,0.3999,0.539823329589642,0.09880027082286551,0.27471411750850044
748,618,96,1571,120,1572,22,3999,0.3999,0.539823329589642,0.09880027082286551,0.27471411750850044
749,619,97,1573,121,1573,22,4005,0.4005,0.5401432835839524,0.09876915265187369,0.2743389282753241
750,619,97,1573,122,1573,22,4006,0.4006,0.5403961718262251,0.09891018656860254,0.2742872555748061
751,619,97,1574,122,1573,22,4007,0.4007,0.54061946193913,0.09887711373254197,0.2742356023360917
752,620,97,1574,122,1573,22,4008,0.4008,0.540637084851423,0.09901799955554746,0.27405871758540856
753,621,97,1574,122,1574,22,4010,0.401,0.5408096363824383,0.09929950854277986,0.27401625660820583
754,621,97,1575,122,1574,22,4011,0.4011,0.5411164657560742,0.09944013182984933,0.2739647011481754
755,621,97,1575,122,1574,22,4011,0.4011,0.5411164657560742,0.09944013182984933,0.2739647011481754
756,622,97,1576,122,1574,22,4013,0.4013,0.5413271917347705,0.09954726019401845,0.27373653432569495
757,622,97,1576,122,1574,22,4013,0.4013,0.5413271917347705,0.09954726019401845,0.27373653432569495
758,622,98,1576,122,1574,22,4014,0.4014,0.5415456988428413,0.0993399905977825,0.27355996989308934
759,622,99,1576,122,1574,22,4015,0.4015,0.5415175046151719,0.09930654403718496,0.27338347174938366
760,623,99,1576,122,1574,22,4016,0.4016,0.5414655624566685,0.09927306441933312,0.27320703985725353
761,623,99,1579,122,1574,22,4019,0.4019,0.54127249422247,0.09899873358768048,0.2730530618208224
762,623,99,1580,123,1574,22,4021,0.4021,0.5417135198800668,0.09927881059534019,0.2729505061838786
763,623,99,1580,124,1574,22,4022,0.4022,0.5420726678156557,0.09959233145895822,0.2728992572490343
764,623,100,1580,124,1575,22,4024,0.4024,0.5421702886175876,0.09952471538188568,0.27285752703993654
765,623,100,1580,125,1576,22,4026,0.4026,0.5424686939824702,0.09963047273579721,0.27294061199703296
766,624,100,1580,125,1578,22,4029,0.4029,0.5424245740914114,0.09952852388239301,0.2730330356408837
767,624,100,1580,125,1578,22,4029,0.4029,0.5424245740914114,0.09952852388239301,0.2730330356408837
768,624,100,1580,125,1579,22,4030,0.403,0.5425472219560615,0.09966787287204167,0.2731670759040443
769,624,101,1580,126,1580,22,4033,0.4033,0.5428195707592858,0.09973876679023785,0.2730741698075807
770,624,101,1581,126,1580,22,4034,0.4034,0.5430307077617939,0.09970453333004721,0.27302305984875447
771,624,102,1582,126,1580,22,4036,0.4036,0.5432176063400872,0.10001679454852663,0.2727964359428303
772,624,102,1582,126,1581,22,4037,0.4037,0.5430827794335744,0.09980920512680097,0.2729303402313061
773,624,102,1582,126,1581,22,4037,0.4037,0.5430827794335744,0.09980920512680097,0.2729303402313061
774,624,102,1583,126,1582,22,4039,0.4039,0.5430313784648572,0.09974045556513839,0.273013108798511
775,624,102,1583,126,1582,22,4039,0.4039,0.5430313784648572,0.09974045556513839,0.273013108798511
776,624,102,1584,126,1582,22,4040,0.404,0.5428966980634522,0.09953287484758684,0.2729620831736474
777,625,103,1586,126,1583,22,4045,0.4045,0.5434306167975608,0.10000063531894055,0.27264345703301657
778,625,103,1587,126,1584,22,4047,0.4047,0.543471007678077,0.09975829820110312,0.27272622767103244
779,626,103,1588,126,1585,22,4050,0.405,0.5435548848234036,0.09965412345851693,0.2726340005003636
780,626,104,1588,126,1585,22,4051,0.4051,0.5435274879764993,0.0997922243149763,0.2724591548012579
781,626,105,1588,127,1585,22,4053,0.4053,0.5437866470764748,0.0997922243149763,0.2722336312389156
782,626,105,1589,127,1585,22,4054,0.4054,0.5441083108056299,0.09993023959778669,0.2721829072040425
783,626,105,1589,127,1588,23,4058,0.4058,0.5445544589760276,0.09995514835291328,0.272716610250267
784,626,105,1590,127,1588,23,4059,0.4059,0.5445488482472814,0.09992008298692738,0.27266587441179535
785,627,105,1591,127,1588,23,4061,0.4061,0.5445564425350641,0.09967717552517807,0.2724407466631578
786,629,105,1592,127,1588,23,4064,0.4064,0.5449556754801708,0.09991686978365545,0.27204154667566643
787,629,105,1592,127,1588,23,4064,0.4064,0.5449556754801708,0.09991686978365545,0.27204154667566643
788,629,106,1592,127,1589,23,4066,0.4066,0.5453401231512007,0.10001881248861665,0.27200068572142727
789,629,106,1593,127,1589,23,4067,0.4067,0.5453166345768842,0.09981091377727508,0.27195016588972365
790,629,106,1593,127,1590,23,4068,0.4068,0.5452931575732938,0.09960303526850794,0.27208338210370303
791,630,106,1595,127,1590,23,4071,0.4071,0.5453258446015898,0.0993163211853626,0.2718084661805533
792,630,106,1597,127,1592,23,4075,0.4075,0.5456627720476633,0.09934659429290951,0.27197379503824504
793,630,106,1598,127,1592,23,4076,0.4076,0.5457292042794385,0.09948326318283081,0.2719233874159843
794,630,106,1599,127,1593,23,4078,0.4078,0.5458711180903694,0.0994118808788948,0.27200593339934526
795,631,106,1599,127,1594,23,4080,0.408,0.5460523606415927,0.09951255061286417,0.27196522783608534
796,631,106,1601,127,1595,23,4083,0.4083,0.5460156330297073,0.09940496370170063,0.27199733280260424
797,631,106,1602,127,1595,23,4084,0.4084,0.545982535747588,0.09919696008934233,0.271947018282323
798,631,106,1603,127,1596,23,4086,0.4086,0.5460450321490913,0.09929708704461179,0.2720293924471875
799,632,107,1603,127,1596,23,4088,0.4088,0.5461670883502632,0.09939698143427203,0.27168294875160903
800,632,107,1604,127,1596,23,4089,0.4089,0.5464691714587213,0.0997047621051394,0.2716327463845625
801,632,107,1605,127,1596,23,4090,0.409,0.546588442443992,0.09966856467616358,0.2715825625671677
802,633,108,1606,127,1597,23,4094,0.4094,0.546554294530886,0.09917981898821565,0.27131914910080984
803,633,108,1607,127,1597,23,4095,0.4095,0.546634172577983,0.09914351293075631,0.27126907701014497
804,633,108,1608,128,1597,23,4097,0.4097,0.5468628207396495,0.09945070674539272,0.2711689882533408
805,634,109,1608,128,1598,23,4100,0.41,0.5470687701216423,0.09900602200127333,0.27095626353377744
806,634,109,1609,128,1599,23,4102,0.4102,0.5471740125397557,0.09893305895237409,0.27103887213983
807,634,109,1609,128,1600,23,4103,0.4103,0.5473315035176703,0.09889652940808574,0.2711713342958267
808,636,109,1609,128,1601,23,4106,0.4106,0.5473334570290044,0.09861521453255516,0.27095893879572824
809,636,109,1612,128,1602,23,4110,0.411,0.5471247782150641,0.09797471053696201,0.2709417270023223
810,636,110,1614,128,1602,23,4113,0.4113,0.5474516866191295,0.09802361956856147,0.2706700575894769
811,636,110,1614,129,1605,23,4117,0.4117,0.5478395003418982,0.097896835202095,0.27101680335602163
812,636,110,1616,130,1605,23,4120,0.412,0.5482933919114252,0.09829964207396223,0.2708676226554109
813,636,110,1616,131,1605,23,4121,0.4121,0.5483900872260592,0.09860492178296104,0.27081793224461964
814,636,110,1617,132,1605,23,4123,0.4123,0.5486732280735569,0.09835945275479435,0.2707186060969325
815,636,110,1617,132,1605,23,4123,0.4123,0.5486732280735569,0.09835945275479435,0.2707186060969325
816,637,111,1618,132,1605,23,4126,0.4126,0.5489237764207053,0.09826821009560485,0.2703259038576773
817,637,111,1619,132,1607,23,4129,0.4129,0.5493856130309304,0.09815623147368764,0.27054026056322966
818,637,111,1619,132,1607,23,4129,0.4129,0.5493856130309304,0.09815623147368764,0.27054026056322966
819,638,111,1619,133,1610,23,4134,0.4134,0.5499329302061616,0.09831065910726253,0.27071469196282444
820,638,111,1622,133,1610,23,4137,0.4137,0.5498885775483869,0.09785622508059985,0.27056625180709765
821,638,111,1622,133,1610,23,4137,0.4137,0.5498885775483869,0.09785622508059985,0.27056625180709765
822,638,111,1622,133,1611,24,4139,0.4139,0.550203325271675,0.09795162723691589,0.2708292735437756
823,638,111,1622,133,1611,25,4140,0.414,0.5505933788623413,0.09825528653920633,0.2709606534652571
824,638,111,1622,134,1612,25,4142,0.4142,0.5510026839447142,0.0985209177889681,0.27104247199075715
825,638,111,1624,134,1612,25,4144,0.4144,0.5508114619290522,0.09810384114583337,0.27094357771730965
826,638,111,1625,134,1612,25,4145,0.4145,0.5508337113080534,0.09806590082125778,0.270894157638043
827,638,112,1625,135,1614,25,4149,0.4149,0.5508438304217954,0.09808429375948342,0.27093639158772637
828,640,112,1626,135,1614,25,4152,0.4152,0.5505858192832983,0.0974586451560136,0.2705460727518294
829,640,112,1626,135,1615,25,4153,0.4153,0.5506161219749526,0.09759087235130441,0.2706771573317157
830,641,112,1628,135,1615,25,4156,0.4156,0.5508094970685021,0.09746808321958249,0.27040836358951853
831,641,112,1630,135,1615,25,4158,0.4158,0.5507462842299837,0.09756170803392611,0.2703099958319082
832,641,112,1631,135,1615,25,4159,0.4159,0.5509501096003994,0.09769354616159594,0.2702608387860086
833,643,112,1632,135,1615,25,4162,0.4162,0.5512561741395041,0.09774828181706956,0.2698716550413147
834,643,114,1633,135,1616,25,4166,0.4166,0.5515326862145893,0.0979339561393158,0.26961400183404427
835,644,114,1634,135,1616,25,4168,0.4168,0.5517097663209088,0.0980264566254895,0.2693953550018839
836,644,114,1634,135,1617,25,4169,0.4169,0.5519096277885879,0.09798763648930736,0.26952639986673654
837,644,115,1634,136,1617,25,4171,0.4171,0.55200846247744,0.09790990233480289,0.2693079361568877
838,644,115,1635,136,1617,25,4172,0.4172,0.5520039775761084,0.09787098833275001,0.26925909125996794
839,644,115,1635,136,1617,25,4172,0.4172,0.5520039775761084,0.09787098833275001,0.26925909125996794
840,644,115,1635,137,1617,25,4173,0.4173,0.5521029647878035,0.09800191698001917,0.2692102640780205
841,644,115,1636,137,1617,25,4174,0.4174,0.5521984753579455,0.09779306651961495,0.26916145460141
842,644,115,1636,137,1619,25,4176,0.4176,0.552355655506412,0.09754521963824289,0.2694232883997012
843,644,115,1636,137,1620,25,4177,0.4177,0.5524070613618114,0.09750617395096474,0.2695540759904169
844,644,115,1636,138,1621,25,4179,0.4179,0.5525942826907471,0.0975977151445294,0.2696359551921552
845,644,115,1637,139,1622,25,4182,0.4182,0.5524585584437891,0.09731047696818572,0.26966895636020477
846,644,115,1637,139,1624,25,4184,0.4184,0.552671766550443,0.09757118707011743,0.2699298843622467
847,644,116,1637,139,1624,25,4185,0.4185,0.5527982402431416,0.09753184268012807,0.2697608457372107
848,644,116,1639,139,1624,25,4187,0.4187,0.552671557782195,0.09711399980835225,0.2696633580586137
849,644,116,1639,139,1624,25,4187,0.4187,0.552671557782195,0.09711399980835225,0.2696633580586137
850,644,116,1639,139,1625,25,4188,0.4188,0.5527785741559312,0.09724411673305648,0.26979371039867833
851,645,116,1640,139,1625,25,4190,0.419,0.5525959637287597,0.09699573944116886,0.2695761576672992
852,645,116,1640,140,1625,25,4191,0.4191,0.5529841048983657,0.09729512240229388,0.2695274895532623
853,645,118,1641,140,1625,25,4194,0.4194,0.5531151577812717,0.0975547346445299,0.26914152290198395
854,645,118,1641,140,1625,25,4194,0.4194,0.5531151577812717,0.0975547346445299,0.26914152290198395
855,645,118,1642,140,1625,25,4195,0.4195,0.5529830548059239,0.09734570185498657,0.26909296829158613
856,645,118,1643,140,1625,25,4196,0.4196,0.553140958974854,0.09747535726475447,0.26904443119706567
857,645,118,1643,140,1625,25,4196,0.4196,0.553140958974854,0.09747535726475447,0.26904443119706567
858,645,118,1644,140,1625,25,4197,0.4197,0.5533915287573328,0.09777424398566599,0.26899591160894615
859,646,118,1645,140,1625,25,4199,0.4199,0.553584772281349,0.0975253207953766,0.2687789990996941
860,646,119,1646,140,1626,25,4202,0.4202,0.5538434467219286,0.09791323896043512,0.26869260795946
861,647,120,1647,140,1626,25,4205,0.4205,0.5539879134368896,0.09778495658765392,0.2683079126675481
862,647,121,1647,140,1626,25,4206,0.4206,0.5541871721974992,0.09808303051813974,0.2681398540258009
863,647,122,1647,140,1627,25,4208,0.4208,0.5544272417980401,0.09783357299704669,0.2681022542342997
864,647,122,1648,140,1627,25,4209,0.4209,0.5545299047458897,0.09779334435096154,0.26805402308038984
865,647,122,1648,140,1628,25,4210,0.421,0.5545896641225896,0.09792208115020021,0.26818432858748364
866,647,124,1648,140,1630,25,4214,0.4214,0.5551029837364485,0.09809843820283366,0.2681091981629737
867,647,124,1648,140,1631,25,4215,0.4215,0.555066115900999,0.09788907636204791,0.26823931130501794
868,647,124,1648,140,1632,25,4216,0.4216,0.5551203619127462,0.09767973179559884,0.26836933952126785
869,647,124,1648,140,1632,25,4216,0.4216,0.5551203619127462,0.09767973179559884,0.26836933952126785
870,647,124,1648,140,1632,25,4216,0.4216,0.5551203619127462,0.09767973179559884,0.26836933952126785
871,647,124,1648,140,1632,25,4216,0.4216,0.5551203619127462,0.09767973179559884,0.26836933952126785
872,647,124,1648,140,1632,25,4216,0.4216,0.5551203619127462,0.09767973179559884,0.26836933952126785
873,647,124,1648,140,1632,25,4216,0.4216,0.5551203619127462,0.09767973179559884,0.26836933952126785
874,647,125,1648,140,1632,25,4217,0.4217,0.555075210808723,0.09747040446666139,0.2682017495450575
875,649,125,1650,141,1633,25,4223,0.4223,0.5553234129704718,0.09721875612749065,0.2678526407188106
876,649,125,1652,141,1634,26,4227,0.4227,0.5554669755386401,0.09688721613622604,0.26801637350385993
877,649,126,1654,142,1635,26,4232,0.4232,0.5557944801333421,0.09651448498649509,0.26783518520500804
878,649,126,1654,142,1635,26,4232,0.4232,0.5557944801333421,0.09651448498649509,0.26783518520500804
879,649,126,1657,142,1635,26,4235,0.4235,0.5564195429128841,0.09672842701464969,0.2676914979540867
880,650,126,1658,142,1636,26,4238,0.4238,0.5567466159977632,0.09660515396947439,0.2676065428427356
881,650,127,1658,143,1636,26,4240,0.424,0.5569814103326279,0.09660515396947439,0.2673920945244784
882,650,127,1658,143,1636,26,4240,0.424,0.5569814103326279,0.09660515396947439,0.2673920945244784
883,650,127,1659,143,1636,26,4241,0.4241,0.5572438425869451,0.09706891164620146,0.26734433621001186
884,650,127,1659,143,1637,26,4242,0.4242,0.5574251737530794,0.09719593728955546,0.2674739375694665
885,650,127,1661,143,1637,26,4244,0.4244,0.5573744536521573,0.09694505779805516,0.2673784568107885
886,650,127,1663,143,1638,26,4247,0.4247,0.5578317763520295,0.09698909018027786,0.2674125309430204
887,650,127,1663,143,1639,26,4248,0.4248,0.5577919313314014,0.09694762908151562,0.2675419337540455
888,650,127,1664,143,1639,26,4249,0.4249,0.5579282952030779,0.09707425177369182,0.2674942377263161
889,650,127,1665,143,1639,26,4250,0.425,0.5581232486070659,0.0975369783552858,0.2674465587015704
890,650,127,1666,143,1639,26,4251,0.4251,0.5580650322183089,0.09732726423902893,0.267398896670718
891,650,127,1666,143,1641,26,4253,0.4253,0.5581689306559396,0.09724392612501252,0.2676574052781608
892,650,127,1666,143,1641,26,4253,0.4253,0.5581689306559396,0.09724392612501252,0.2676574052781608
893,650,127,1666,143,1641,26,4253,0.4253,0.5581689306559396,0.09724392612501252,0.2676574052781608
894,650,127,1668,143,1641,26,4255,0.4255,0.5582730030534017,0.09749641252821174,0.26756210177913403
895,650,127,1670,143,1641,26,4257,0.4257,0.5585425626570255,0.09741273688913446,0.26746686612447723
896,652,128,1670,146,1641,26,4263,0.4263,0.559083367727869,0.09783212359773023,0.2668267677404385
897,652,128,1670,146,1641,26,4263,0.4263,0.559083367727869,0.09783212359773023,0.2668267677404385
898,652,129,1671,146,1642,26,4266,0.4266,0.5590190556066209,0.09736194168266667,0.26674289544026203
899,652,129,1671,146,1642,26,4266,0.4266,0.5590190556066209,0.09736194168266667,0.26674289544026203
900,653,129,1671,146,1642,26,4267,0.4267,0.5590247645236734,0.09731973745076672,0.2665773496636499
901,653,129,1672,146,1642,26,4268,0.4268,0.5592017763719297,0.09744517205349978,0.2665300065990011
902,653,129,1672,146,1642,26,4268,0.4268,0.5592017763719297,0.09744517205349978,0.2665300065990011
903,653,129,1673,146,1643,26,4270,0.427,0.5592131004249382,0.097360565500244,0.2666118028875002
904,653,129,1673,146,1643,26,4270,0.427,0.5592131004249382,0.097360565500244,0.2666118028875002
905,653,129,1673,146,1643,26,4270,0.427,0.5592131004249382,0.097360565500244,0.2666118028875002
906,653,129,1673,146,1643,26,4270,0.427,0.5592131004249382,0.097360565500244,0.2666118028875002
907,653,130,1674,146,1644,26,4273,0.4273,0.5597250516113008,0.09756853431313277,0.2665282045374064
908,653,130,1675,147,1645,26,4276,0.4276,0.5595673143165769,0.09710601941371173,0.2665626443970163
909,653,130,1675,147,1645,26,4276,0.4276,0.5595673143165769,0.09710601941371173,0.2665626443970163
910,653,130,1675,147,1646,26,4277,0.4277,0.5596003330940912,0.09706348919865491,0.26669152490939974
911,653,131,1675,147,1646,26,4278,0.4278,0.5599008616209677,0.09735580257616104,0.26652640671204625
912,653,131,1675,147,1646,26,4278,0.4278,0.5599008616209677,0.09735580257616104,0.26652640671204625
913,653,131,1675,147,1646,26,4278,0.4278,0.5599008616209677,0.09735580257616104,0.26652640671204625
914,654,131,1675,147,1646,26,4279,0.4279,0.5597697679984857,0.09714575185088317,0.2663613469257018
915,654,131,1676,147,1646,26,4280,0.428,0.5597557769479242,0.09693571719916382,0.2663141701294607
916,654,131,1677,147,1646,26,4281,0.4281,0.5598532341674989,0.09689306610319602,0.2662670100417701
917,654,131,1677,148,1646,26,4282,0.4282,0.5600810020896246,0.09701772921887032,0.26621986665375497
918,654,131,1677,148,1646,26,4282,0.4282,0.5600810020896246,0.09701772921887032,0.26621986665375497
919,654,131,1678,148,1647,26,4284,0.4284,0.5601317830959677,0.09709952812366111,0.2663015676588989
920,654,131,1678,148,1647,26,4284,0.4284,0.5601317830959677,0.09709952812366111,0.2663015676588989
921,654,131,1680,149,1647,26,4287,0.4287,0.5606248151164844,0.097472671046583,0.2661602646876425
922,655,131,1681,149,1647,26,4289,0.4289,0.5605967704647576,0.09755386910127356,0.26594852583456846
923,656,131,1681,150,1647,26,4291,0.4291,0.5606891060066062,0.09751080846774572,0.2657369365629932
924,657,131,1681,150,1647,26,4292,0.4292,0.5607274605570247,0.09746771777348587,0.2655724189826878
925,657,132,1681,151,1647,26,4294,0.4294,0.5609979919288955,0.09759171119001941,0.2653610745088167
926,657,132,1682,151,1647,26,4295,0.4295,0.5609604369972584,0.09738144622832885,0.2653142061307599
927,658,132,1682,151,1647,26,4296,0.4296,0.5609813196030203,0.09733826539018142,0.26514987920613137
928,660,132,1682,151,1647,26,4298,0.4298,0.5608980375285394,0.0972518136145342,0.2648213991403921
929,660,133,1682,151,1647,26,4299,0.4299,0.5612528348475337,0.09720854268971299,0.2646572459380305
930,661,133,1683,151,1647,26,4301,0.4301,0.5612329876352362,0.09695495697043359,0.2644464848874361
931,661,133,1683,151,1647,26,4301,0.4301,0.5612329876352362,0.09695495697043359,0.2644464848874361
932,661,133,1685,151,1647,26,4303,0.4303,0.561553717326675,0.09670134260600792,0.26435320288173614
933,661,133,1685,151,1647,26,4303,0.4303,0.561553717326675,0.09670134260600792,0.26435320288173614
934,661,133,1687,152,1648,26,4307,0.4307,0.5617613977918358,0.09690480611397745,0.2643423181175503
935,661,133,1687,152,1648,26,4307,0.4307,0.5617613977918358,0.09690480611397745,0.2643423181175503
936,662,133,1687,154,1648,26,4310,0.431,0.5620244128309803,0.09698454856596582,0.2640854738598959
937,663,133,1688,154,1649,26,4313,0.4313,0.5621831517870666,0.09668695212189195,0.2640042208611746
938,663,133,1688,154,1649,26,4313,0.4313,0.5621831517870666,0.09668695212189195,0.2640042208611746
939,663,133,1688,155,1650,26,4315,0.4315,0.5624979399056141,0.09726632311951919,0.2640865395845589
940,663,133,1688,155,1650,26,4315,0.4315,0.5624979399056141,0.09726632311951919,0.2640865395845589
941,663,134,1688,155,1650,26,4316,0.4316,0.5626335776625593,0.09738916975498754,0.2639230769430929
942,663,135,1689,155,1650,26,4318,0.4318,0.5629506077115946,0.09751194118690619,0.26371329454987924
943,664,135,1690,156,1650,26,4321,0.4321,0.5632750323382953,0.09754667016766423,0.26345735180906543
944,664,135,1691,156,1651,26,4323,0.4323,0.5634728558992413,0.09745858366669935,0.2635398137651679
945,664,135,1692,156,1652,26,4325,0.4325,0.563411736956989,0.09753685492593293,0.2636221941348116
946,664,135,1692,156,1652,26,4325,0.4325,0.563411736956989,0.09753685492593293,0.2636221941348116
947,664,135,1692,156,1652,26,4325,0.4325,0.563411736956989,0.09753685492593293,0.2636221941348116
948,664,135,1692,157,1652,26,4326,0.4326,0.5635051262413127,0.09765913923059551,0.263575919536466
949,664,135,1692,157,1652,26,4326,0.4326,0.5635051262413127,0.09765913923059551,0.263575919536466
950,664,135,1692,157,1652,26,4326,0.4326,0.5635051262413127,0.09765913923059551,0.263575919536466
951,664,135,1692,157,1652,26,4326,0.4326,0.5635051262413127,0.09765913923059551,0.263575919536466
952,664,135,1692,157,1652,26,4326,0.4326,0.5635051262413127,0.09765913923059551,0.263575919536466
953,664,135,1692,157,1652,26,4326,0.4326,0.5635051262413127,0.09765913923059551,0.263575919536466
954,664,135,1692,157,1652,26,4326,0.4326,0.5635051262413127,0.09765913923059551,0.263575919536466
955,664,135,1692,158,1654,26,4329,0.4329,0.5635698952801136,0.09752638295272628,0.26378671059856673
956,664,135,1692,159,1655,26,4331,0.4331,0.5636985544387471,0.09710504656703488,0.26386884693400203
957,664,135,1693,159,1655,26,4332,0.4332,0.5639090333863352,0.0973933591411616,0.2638225976650732
958,664,135,1694,159,1655,26,4333,0.4333,0.5638694838162706,0.09718266160148038,0.2637763646058639
959,664,135,1694,159,1655,26,4333,0.4333,0.5638694838162706,0.09718266160148038,0.2637763646058639
960,664,135,1694,159,1655,26,4333,0.4333,0.5638694838162706,0.09718266160148038,0.2637763646058639
961,666,135,1694,159,1655,26,4335,0.4335,0.5641519568997851,0.09708558228561306,0.26345086979458276
962,668,135,1695,159,1655,26,4338,0.4338,0.5642349747303218,0.09695208866067007,0.26307953204056683
963,668,135,1696,160,1656,26,4341,0.4341,0.5644024104778439,0.09719522447175785,0.26311582989046894
964,668,135,1696,160,1656,26,4341,0.4341,0.5644024104778439,0.09719522447175785,0.26311582989046894
965,668,135,1696,160,1656,26,4341,0.4341,0.5644024104778439,0.09719522447175785,0.26311582989046894
966,668,137,1696,160,1656,26,4343,0.4343,0.5647038890164272,0.09710587219832961,0.2627910674660729
967,668,137,1696,160,1656,26,4343,0.4343,0.5647038890164272,0.09710587219832961,0.2627910674660729
968,668,138,1697,160,1656,26,4345,0.4345,0.564693539934456,0.09685035069903646,0.262582850528218
969,668,139,1698,160,1656,26,4347,0.4347,0.564748499617099,0.09664780661093815,0.2623747790556177
970,668,139,1698,161,1657,27,4350,0.435,0.5649620378650441,0.09653284139863565,0.2625856494611263
971,669,139,1698,161,1658,27,4352,0.4352,0.5648147439629606,0.09644309674690937,0.26255190198312617
972,669,139,1700,161,1658,27,4354,0.4354,0.5651207481786987,0.09651910632218223,0.26246027073996087
973,670,139,1700,161,1658,27,4355,0.4355,0.5650942653748848,0.09647410816829613,0.2622984130247423
974,671,139,1701,163,1658,27,4359,0.4359,0.5657031246596526,0.09645958164600588,0.26199950178952996
975,671,139,1702,163,1658,27,4360,0.436,0.5659561034147093,0.09641441350359228,0.2619538303563962
976,671,139,1703,163,1658,27,4361,0.4361,0.5661438767273486,0.09636921581781513,0.26190817484326406
977,672,139,1703,163,1658,27,4362,0.4362,0.5661057178213479,0.09632398859425353,0.2617466105370057
978,672,139,1703,163,1658,27,4362,0.4362,0.5661057178213479,0.09632398859425353,0.2617466105370057
979,672,139,1703,163,1658,27,4362,0.4362,0.5661057178213479,0.09632398859425353,0.2617466105370057
980,672,139,1703,164,1658,27,4363,0.4363,0.5662458061699974,0.09644440532709296,0.26170100702406013
981,673,139,1703,164,1659,27,4365,0.4365,0.5662594871327608,0.09602250038192522,0.2616677745591682
982,673,139,1704,164,1659,27,4366,0.4366,0.5662388196222187,0.09581156976981688,0.26162221507349565
983,673,139,1704,164,1659,27,4366,0.4366,0.5662388196222187,0.09581156976981688,0.26162221507349565
984,673,139,1705,164,1660,27,4368,0.4368,0.566256490762191,0.09588644197581395,0.26170481406547336
985,674,139,1705,165,1661,27,4371,0.4371,0.5667179015551358,0.09624660997662558,0.26162611049131684
986,674,139,1705,165,1661,27,4371,0.4371,0.5667179015551358,0.09624660997662558,0.26162611049131684
987,674,139,1705,165,1661,27,4371,0.4371,0.5667179015551358,0.09624660997662558,0.26162611049131684
988,674,139,1706,166,1661,27,4373,0.4373,0.5666420585194589,0.09598999466297771,0.26153514277710554
989,674,139,1706,167,1661,27,4374,0.4374,0.566896192376003,0.0961098229919648,0.2614896826380644
990,674,139,1706,167,1661,27,4374,0.4374,0.566896192376003,0.0961098229919648,0.2614896826380644
991,675,139,1707,167,1661,27,4376,0.4376,0.567201337587064,0.09601848446260809,0.26128321625173195
992,675,139,1707,167,1661,27,4376,0.4376,0.567201337587064,0.09601848446260809,0.26128321625173195
993,675,139,1708,167,1661,27,4377,0.4377,0.567275875423015,0.09597277105227695,0.2612378235611195
994,675,139,1708,167,1661,27,4377,0.4377,0.567275875423015,0.09597277105227695,0.2612378235611195
995,675,139,1708,167,1662,27,4378,0.4378,0.5674629794869732,0.0960923721340388,0.26136581426771305
996,675,139,1708,167,1662,27,4378,0.4378,0.5674629794869732,0.0960923721340388,0.26136581426771305
997,675,139,1708,167,1662,27,4378,0.4378,0.5674629794869732,0.0960923721340388,0.26136581426771305
998,675,139,1708,167,1663,27,4379,0.4379,0.5676594396783948,0.09621190006952486,0.2614937241884852
999,675,139,1708,167,1663,27,4379,0.4379,0.5676594396783948,0.09621190006952486,0.2614937241884852
1000,675,139,1708,168,1663,27,4380,0.438,0.5678078859791698,0.09633135490421361,0.2614483314817247
