Low Income Solar House,Low Income Solar Apartment,Mid Income Solar House,Mid Income Solar Apartment,High Income Solar House,High Income Solar Apartment,Total Solar Panels,Global Adoption Rate,Clustering Score,Moran's I,Between-Class Gini
0,0,0,0,0,0,0,0.0,0.0,,0.0
0,0,3,0,3,0,6,0.0006,0.0,-0.0004284192487610576,0.4300685871056242
1,0,6,0,7,0,14,0.0014,0.0,-0.0009847536957226925,0.39635124805912286
1,0,7,0,10,0,18,0.0018,0.0,-0.0012573587354563563,0.4375238761172331
1,0,9,0,12,0,22,0.0022,0.0,-0.0015359113460379297,0.43620314779241803
1,0,13,0,19,0,33,0.0033,0.007154882154882154,0.01288358633315826,0.4606722615764225
1,0,17,0,21,0,39,0.0039,0.006054131054131054,0.010133838262102318,0.4411992532795936
3,1,22,0,24,0,50,0.005,0.007579365079365079,0.00654471544715448,0.3795063589780024
4,1,25,0,25,0,55,0.0055,0.00689033189033189,0.005285866683566231,0.35748594873431133
5,1,31,0,29,0,66,0.0066,0.018368205868205867,0.010611028662514652,0.34723576321251864
7,1,33,0,31,0,72,0.0072,0.01683752204585538,0.008921924436999807,0.33123048776722347
9,1,34,0,33,0,77,0.0077,0.015744176458462173,0.007669225745047853,0.32060700560962446
9,1,38,0,36,0,84,0.0084,0.014432161753590324,0.0060837690762250715,0.325938295892779
12,1,41,0,37,0,91,0.0091,0.013321995464852607,0.004675967915886842,0.2984568709023974
13,1,46,0,38,0,98,0.0098,0.01662212504049239,0.008535507616555228,0.2846125864484373
13,1,51,0,41,0,106,0.0106,0.015367625037436359,0.006816863829042057,0.2893460126779129
14,1,57,0,44,0,116,0.0116,0.023176655719759166,0.009231251428332322,0.28518008999010486
14,1,61,0,47,0,123,0.0123,0.021857659052781003,0.007761645172661003,0.2910012024309214
15,1,66,0,48,0,130,0.013,0.024615662115662115,0.014159614036979134,0.2807879018618717
15,2,75,0,50,0,142,0.0142,0.023175670182712434,0.011360313656380712,0.269466340083565
17,2,76,0,51,0,146,0.0146,0.022540720314692918,0.010492288313846685,0.26191671796491417
19,2,82,0,51,0,154,0.0154,0.02738399767620547,0.008851804987562401,0.2444086607484716
23,2,86,0,53,0,164,0.0164,0.025714241720339284,0.006954057844877397,0.22954488530836148
25,2,89,0,53,0,169,0.0169,0.024953465338080724,0.006057524777491485,0.2178711044944873
25,2,93,0,58,0,178,0.0178,0.029914108987142696,0.010208046614492384,0.23210193146742789
27,2,102,0,61,0,192,0.0192,0.031391106000481,0.012839010885885882,0.2258416748805936
27,2,107,0,61,0,197,0.0197,0.03200441690289406,0.011827236041860029,0.22126695223071882
29,2,109,0,64,0,204,0.0204,0.0333766587443058,0.010456549483698804,0.22209862590875598
29,2,114,0,66,0,211,0.0211,0.03463904447316769,0.011548061895621032,0.2240075105180622
31,2,120,0,69,0,222,0.0222,0.03508351008351008,0.011774523147777471,0.22146134369814785
32,2,124,0,72,0,230,0.023,0.03478108847674065,0.010261268448344624,0.22372970809294804
36,2,128,0,75,0,241,0.0241,0.03990173035816189,0.008287277166447029,0.21699516180955877
36,2,133,0,80,0,251,0.0251,0.04646037893049845,0.01265900189380767,0.22648406776381144
36,2,136,0,83,0,257,0.0257,0.05212945290766303,0.01747249444780856,0.23178229756653698
37,2,139,1,90,0,269,0.0269,0.05276025090151484,0.016940309900710434,0.24261119172030834
37,2,141,2,93,0,275,0.0275,0.053303333030605755,0.01759077500670421,0.2471258917273209
37,2,145,2,94,0,280,0.028,0.055327678274106847,0.016580669094833394,0.24649278345556422
38,2,146,2,97,0,285,0.0285,0.056644807434281116,0.017376997222066846,0.24960326592709384
41,2,153,3,99,0,298,0.0298,0.05501265140526885,0.014829992223483928,0.24109092546592356
41,2,156,3,104,0,306,0.0306,0.05504500038813765,0.01500499447685985,0.2491338822920306
44,2,161,3,105,0,315,0.0315,0.06040350302255063,0.014948357759859357,0.2410750141087273
46,2,162,3,110,0,323,0.0323,0.06452516600032128,0.015053007515131474,0.24546918246955318
48,2,166,3,114,0,333,0.0333,0.0706016289600627,0.015266065809891774,0.24607722484281233
51,3,169,3,117,0,343,0.0343,0.07227344617695494,0.017909382271389454,0.24131176061094037
51,3,175,3,119,0,351,0.0351,0.07241513248656106,0.017845355662993917,0.24153147119168614
52,3,179,3,122,0,359,0.0359,0.07603767275554986,0.01918754050761409,0.2425025063398906
54,4,183,3,124,0,368,0.0368,0.0790159885527733,0.021640236395485277,0.23791847035741753
55,4,188,3,128,0,378,0.0378,0.08483342475384915,0.02239196681858214,0.24004160729331211
55,4,195,3,132,0,389,0.0389,0.08547818161220222,0.024184847540220704,0.2429029316200165
57,4,199,3,135,0,398,0.0398,0.0856814470164596,0.024965863933771593,0.24196426860756404
57,4,205,3,138,0,407,0.0407,0.08819507668029834,0.025691519563455528,0.2436269504993538
57,4,210,3,141,0,415,0.0415,0.09133132701973283,0.026558647891530392,0.2456804316728943
58,4,214,3,142,0,421,0.0421,0.09376242144099287,0.025333017057539705,0.24357913670697698
61,4,219,3,143,0,430,0.043,0.09292026285033278,0.025928762075987846,0.23777224997671528
62,4,226,3,145,0,440,0.044,0.09163885974819916,0.023940696361899824,0.2359668761824422
65,4,233,4,149,0,455,0.0455,0.09528033762615261,0.025796901116178557,0.23343549801455868
65,4,238,4,152,0,463,0.0463,0.10027342186433094,0.02869883261618089,0.2354711313757698
66,4,245,4,153,0,472,0.0472,0.10227001707893428,0.03127812736689053,0.23251425801927494
66,4,251,4,154,0,479,0.0479,0.10589786201710888,0.03217520226758485,0.23151244370446036
67,4,253,4,157,0,485,0.0485,0.10933140550909146,0.0341396569103721,0.2331644513537022
67,4,256,4,160,0,491,0.0491,0.10891102095183729,0.03393474571712224,0.23584161148310065
69,4,262,4,163,0,502,0.0502,0.10860606459408854,0.031649809238275727,0.23447513826406471
69,4,269,4,165,1,512,0.0512,0.11233756458805383,0.03266971515891276,0.23557990709289664
69,4,275,4,169,1,522,0.0522,0.11268114483085692,0.03063797162543263,0.23818377452331166
70,4,278,4,173,1,530,0.053,0.11487339062953429,0.0339349293610397,0.24041152364218865
73,4,281,4,177,1,540,0.054,0.11575626496776775,0.03479011086171981,0.2399168565000651
74,4,285,4,182,1,550,0.055,0.11723277734206695,0.0355899418203022,0.24279551596720683
74,4,287,4,186,1,556,0.0556,0.11724381724381726,0.03623189820372917,0.24645852910563773
75,4,291,4,189,1,564,0.0564,0.11896952465336125,0.037361622096529205,0.24700618097778237
75,4,301,4,194,1,579,0.0579,0.12274894463475777,0.038794112723693895,0.24882657639525765
76,4,305,4,196,1,586,0.0586,0.12190693447103704,0.03823231901407795,0.24830397156395131
78,4,312,4,198,1,597,0.0597,0.12369380712501517,0.03803075268524445,0.24561263469418768
80,4,317,4,203,1,609,0.0609,0.12613770093210883,0.04003115205356779,0.24661427034431727
81,4,320,4,204,1,614,0.0614,0.1263090317331753,0.03984835033656825,0.24547775301978936
83,4,324,5,209,1,626,0.0626,0.12872199356199354,0.04073030852994555,0.2464546040602197
83,4,328,5,213,1,634,0.0634,0.12815713775429416,0.040736020644187625,0.24901313474813133
85,4,332,5,215,1,642,0.0642,0.13083484378336172,0.041544045656004606,0.24741719799254946
85,4,335,6,219,1,650,0.065,0.13256239138365486,0.041512543309639105,0.24989819935473578
85,4,340,6,220,1,656,0.0656,0.13453055850002416,0.04268612134692513,0.24931018186299422
87,4,345,6,222,1,665,0.0665,0.1378670275507625,0.045563588073903045,0.24747069968850774
89,4,353,7,229,1,683,0.0683,0.14442590644936687,0.04666296642736601,0.24894170170120988
90,4,355,7,235,1,692,0.0692,0.1473744859417797,0.049346451865241704,0.2524946072955821
91,4,358,7,239,1,700,0.07,0.14938644251948974,0.05066536344571175,0.25398567016146245
92,4,363,7,243,1,710,0.071,0.1513154687343686,0.05299189101310345,0.2548779050380718
93,4,368,7,248,1,721,0.0721,0.1519193191068191,0.052090895409837995,0.25655244799806454
96,5,372,8,251,1,733,0.0733,0.1522782734872899,0.051700692254437075,0.25364101242158005
97,6,374,8,252,1,738,0.0738,0.15287340053283066,0.051599410701557887,0.2519534110561916
98,6,377,8,256,1,746,0.0746,0.15437072249152786,0.05203490844152166,0.2533574472501205
101,6,382,8,258,1,756,0.0756,0.15795736640107502,0.05412488614146797,0.2507530497611617
103,6,385,8,261,1,764,0.0764,0.15768684497386987,0.05380649597638837,0.25042970791693325
104,6,387,9,267,1,774,0.0774,0.15869368880364998,0.05374326478098279,0.25332264041786523
104,6,393,9,269,1,782,0.0782,0.1590314401774069,0.053415979517301114,0.2533054353291564
108,6,394,9,269,1,787,0.0787,0.15892249184233917,0.05303668599560401,0.24940752827329535
108,6,399,9,273,1,796,0.0796,0.15940848459716384,0.05248755518907855,0.2511594984330669
108,6,400,10,279,1,804,0.0804,0.16027246933224518,0.05367449633468862,0.25506091376704604
109,6,406,12,283,1,817,0.0817,0.16276223096076037,0.054224443117421174,0.2550913476561221
111,6,409,12,285,1,824,0.0824,0.1648697326704617,0.05599229148134418,0.25404215761913224
113,6,411,12,288,2,832,0.0832,0.1657628172068605,0.05686500759664645,0.2546534575576085
114,6,419,12,294,2,847,0.0847,0.16669069700984593,0.05498107551753023,0.2560644764377648
115,6,419,12,299,2,853,0.0853,0.17008501084205307,0.05686021271977424,0.2586218986028051
115,6,428,12,303,2,866,0.0866,0.1719393997139662,0.057855010371271776,0.2591950991791103
117,6,428,12,306,2,871,0.0871,0.17271825556308315,0.05803203920569684,0.2595274431674712
117,6,429,12,311,2,877,0.0877,0.17409740500493925,0.05738404426742947,0.26256498067635103
118,6,431,13,312,2,882,0.0882,0.17631186760017634,0.05875823803851572,0.26170340884182625
119,6,432,13,317,2,889,0.0889,0.1759963103713104,0.05789351967076363,0.26387090933025065
120,6,437,13,319,2,897,0.0897,0.17570042494707674,0.05702499112996758,0.2631945227832322
121,6,440,14,322,2,905,0.0905,0.1773666875160238,0.05773792060513849,0.2633817239382135
126,6,445,14,328,2,921,0.0921,0.1789801171051171,0.05852417117764379,0.26207008870632525
126,6,446,14,329,2,923,0.0923,0.17859187390098452,0.05810916870941385,0.26246672642574387
126,7,448,15,333,2,931,0.0931,0.18227577380803187,0.06106087210254732,0.26348253123606913
126,7,451,15,335,2,936,0.0936,0.1829626107700974,0.06116159376845201,0.26404000239059194
126,7,457,16,339,2,947,0.0947,0.1838130946067454,0.06021420019667532,0.26492049602337114
126,7,461,16,340,2,952,0.0952,0.18325919110129635,0.05917735633871205,0.26465299099284617
126,7,468,16,341,2,960,0.096,0.1830995060379194,0.059766386689224245,0.2637484945029273
129,7,472,16,346,2,972,0.0972,0.18584949414846322,0.05895105557715879,0.26360521167140744
130,7,475,16,348,2,978,0.0978,0.18625768584784977,0.05882400173007047,0.2634039751550777
133,7,477,16,355,2,990,0.099,0.18698784908299076,0.05910320149303611,0.2648226802570415
134,7,483,16,357,2,999,0.0999,0.18855788282819375,0.059423906802444415,0.26400391806537904
135,7,490,16,362,2,1012,0.1012,0.19383127735850506,0.06150260283324799,0.2646777683330721
136,7,499,16,365,2,1025,0.1025,0.19506756006022868,0.06095541721611317,0.26383247670462584
137,8,501,16,367,2,1031,0.1031,0.19614218116404705,0.06235277944900676,0.2631410476396014
138,9,504,16,372,2,1041,0.1041,0.19991115050065963,0.06394493322752247,0.26389946266471503
139,9,513,16,375,2,1054,0.1054,0.20188588212590114,0.06283217406812915,0.2630860678652649
141,9,523,16,378,2,1069,0.1069,0.20510732667067086,0.06231131319852624,0.2614284161272466
143,9,526,16,381,2,1077,0.1077,0.20614573061837085,0.06270153882273949,0.2611206279158987
145,9,531,16,386,2,1089,0.1089,0.20771778856699577,0.06226461730501559,0.2614957956174848
146,9,536,17,390,2,1100,0.11,0.20791622399827156,0.061526370789459446,0.26181278811794345
146,9,537,17,394,2,1105,0.1105,0.20896828100643897,0.061011344675755315,0.26369005721885036
147,9,543,17,402,2,1120,0.112,0.21080404178175935,0.0604440057244061,0.26599945833080757
150,9,544,18,405,2,1128,0.1128,0.21185502662686342,0.060772576527466704,0.26521837865442716
150,9,545,18,407,2,1131,0.1131,0.21346706424925047,0.06250564750482626,0.26603343341826413
150,9,549,18,412,2,1140,0.114,0.21283680473758526,0.06165626398115271,0.26777670005271137
153,9,553,19,416,2,1152,0.1152,0.21541441203014094,0.06204950213001949,0.26694804125634003
154,9,556,19,418,2,1158,0.1158,0.2186648562583582,0.06320777424107304,0.26676160267939597
154,9,560,19,419,2,1163,0.1163,0.21923378121318537,0.06315022802570663,0.26653590294580204
156,9,561,19,422,2,1169,0.1169,0.2205800891174398,0.06428532669933819,0.2665701412131229
158,9,567,20,426,2,1182,0.1182,0.22215723341408783,0.06538287099752148,0.266034432020995
158,9,568,20,432,2,1189,0.1189,0.225097868870479,0.0671952029208385,0.26869269378782584
161,9,571,20,435,2,1198,0.1198,0.22822992955358196,0.06895522100400879,0.2677682072112219
161,9,573,21,439,2,1205,0.1205,0.22929869416410417,0.06934974747474745,0.2691078628601257
163,9,576,21,442,2,1213,0.1213,0.2305535072942903,0.07133759405994937,0.2687854481758527
164,9,578,21,445,2,1219,0.1219,0.23040287373326668,0.07055907439479728,0.26922610597334273
165,9,581,23,447,2,1227,0.1227,0.23110908625854604,0.07071767225658461,0.26870177666744954
165,9,582,23,449,2,1230,0.123,0.23230434998194627,0.07144393241167438,0.26943875246338206
166,9,585,23,454,2,1239,0.1239,0.23382343011129447,0.07138150441197484,0.27059737568102865
167,9,587,23,455,2,1243,0.1243,0.23330479429036097,0.07100738635243167,0.2701290073292982
170,9,587,23,458,2,1249,0.1249,0.2351493582312253,0.07066685877150018,0.2697328480447694
170,9,590,24,460,2,1255,0.1255,0.23571040590840128,0.07032522179974651,0.26995587616342354
173,9,596,24,463,2,1267,0.1267,0.23583654849116367,0.0696450021338762,0.26858244777312973
175,10,600,24,466,2,1277,0.1277,0.23883193962259705,0.07085314346370719,0.2675549896106311
177,10,603,24,467,3,1284,0.1284,0.23961816296690572,0.07072647233295624,0.2668252073871771
178,10,604,24,470,3,1289,0.1289,0.24140150652045622,0.07185581579442907,0.26741100919598315
178,10,604,24,478,3,1297,0.1297,0.24449041551982728,0.07321520169414303,0.27084636625111447
178,10,610,24,480,3,1305,0.1305,0.24555269951132438,0.07412943637572933,0.270736875122493
178,10,612,25,484,3,1312,0.1312,0.2476257185288393,0.07523120019666957,0.27194542200856375
182,10,621,25,491,3,1332,0.1332,0.2500702715143228,0.07574769885125418,0.2712691518583276
184,10,622,25,492,3,1336,0.1336,0.25011999005296476,0.07658851604911288,0.2704500921304276
184,10,626,25,496,3,1344,0.1344,0.2509407024649858,0.07666592511876782,0.271477090872402
185,10,628,25,498,3,1349,0.1349,0.25126686735490616,0.0764663454259293,0.2714526493637397
188,10,630,25,502,3,1358,0.1358,0.25195702700908323,0.07545081610367184,0.2711818946158367
189,10,634,25,506,3,1367,0.1367,0.25342415144289737,0.07701486715271957,0.2716610969446938
191,10,636,25,512,3,1377,0.1377,0.25557702630109047,0.07780364444260822,0.27271289638522395
191,10,638,25,514,3,1381,0.1381,0.25706642613501807,0.07899784796137967,0.2732046019917365
192,10,644,25,517,3,1391,0.1391,0.2568264242098571,0.07854766299923303,0.27296667489203025
196,10,647,25,520,3,1401,0.1401,0.2570624130992882,0.07888673917806634,0.27164046325333063
197,10,651,25,522,3,1408,0.1408,0.2606819659064241,0.08101642361014315,0.27132073174461135
199,10,653,25,527,3,1417,0.1417,0.26133027288192534,0.08114446618653878,0.2719571335610366
199,10,655,25,534,3,1426,0.1426,0.26075817255282724,0.0800783256291731,0.27435867362718236
199,10,658,25,535,3,1430,0.143,0.2610790113385269,0.07965187531461136,0.27429985357506137
201,10,661,25,535,3,1435,0.1435,0.260447193434345,0.079022457141253,0.27285851049892634
204,10,666,25,537,3,1445,0.1445,0.26101086994752154,0.0785399756940857,0.2714022301541245
205,10,669,25,542,3,1454,0.1454,0.2627895532823826,0.07940769687083746,0.2723718126300101
207,10,670,25,544,3,1459,0.1459,0.26293309498222894,0.0791657034069387,0.27199712265098447
207,10,673,25,548,3,1466,0.1466,0.26399261342607533,0.08003588744680402,0.2730688099758714
207,10,673,25,552,3,1470,0.147,0.26393745644126315,0.07998456461571216,0.27455661709773144
208,10,675,25,556,3,1477,0.1477,0.265464532919169,0.0812166421230967,0.27526098394916465
211,10,678,26,563,3,1491,0.1491,0.26872452718361933,0.08369193287892474,0.27580245002025805
212,10,684,26,567,3,1502,0.1502,0.2701062616033204,0.08374194518025888,0.27592750622440904
215,10,685,26,569,3,1508,0.1508,0.2703439334884144,0.0840041193159039,0.27507760850324275
216,10,688,26,573,4,1517,0.1517,0.27120767689783415,0.0832784817443009,0.2759795320216864
218,10,690,26,575,4,1523,0.1523,0.2705722187941703,0.08242631872372709,0.27547151827456623
220,10,693,26,580,4,1533,0.1533,0.2718748169731764,0.08186636757836406,0.27589316965749805
220,10,696,26,584,4,1540,0.154,0.2737877652023219,0.08227527376934432,0.27688976350046285
223,10,699,26,591,4,1553,0.1553,0.2758831140330742,0.08073791432677661,0.27752850855751926
226,10,702,26,594,4,1562,0.1562,0.2755918469832497,0.0796500194676771,0.276778101494701
226,10,705,26,599,4,1570,0.157,0.2763931074011356,0.0794830024358708,0.2780934515229309
227,10,709,26,604,5,1581,0.1581,0.2779646724520621,0.07962476685137589,0.27914328318409165
229,10,712,26,604,5,1586,0.1586,0.27917760663694263,0.08075861198338427,0.2778349104109153
231,10,713,26,605,5,1590,0.159,0.2799480355340483,0.0806659066277148,0.27713718185011604
231,10,715,26,606,5,1593,0.1593,0.2801220283436426,0.08041855754526576,0.27721068160170564
232,10,718,26,608,5,1599,0.1599,0.2809945857507462,0.08098320040761794,0.27704008980228645
233,10,718,26,608,5,1600,0.16,0.2808187443328796,0.08078253462200008,0.2765915825996836
233,10,722,26,611,5,1607,0.1607,0.2823838823811336,0.08149088541666663,0.27707528276451193
235,10,725,26,613,5,1614,0.1614,0.28380372668250353,0.08148900982703654,0.27646201938966275
237,10,730,26,619,5,1627,0.1627,0.28452694766269426,0.08062945574682664,0.2769253157644355
238,10,735,26,622,5,1636,0.1636,0.28671362067664896,0.08194945010226176,0.27683154222020345
238,10,741,26,628,5,1648,0.1648,0.2868160286572123,0.0812715680401293,0.27802802713719793
239,10,741,26,631,5,1652,0.1652,0.28752980798167965,0.08150225769182039,0.2785695670674926
240,10,745,27,635,5,1662,0.1662,0.2894292181163195,0.08224584646468001,0.2787916149745537
240,10,748,27,637,5,1667,0.1667,0.28916638191148,0.0819905997616841,0.2790533972188462
240,10,749,28,640,5,1672,0.1672,0.29076140700128017,0.08302967278232293,0.27976079856152775
240,10,751,28,645,5,1679,0.1679,0.29231580988920774,0.08437963945919884,0.28109868417740785
243,10,754,28,645,5,1685,0.1685,0.29322503872152605,0.0848622075436474,0.2794371184051065
244,10,756,28,647,5,1690,0.169,0.29375853485485487,0.08486723948195163,0.27939402632796256
244,10,757,28,647,5,1691,0.1691,0.2939652243800191,0.08466624674943969,0.2792683861769591
245,10,760,28,651,5,1699,0.1699,0.29615996137539347,0.08540663501184263,0.27973121111855503
245,10,762,28,653,5,1703,0.1703,0.2967463828989921,0.08593960402705832,0.2801093199773687
247,10,764,28,656,5,1710,0.171,0.2966628343798064,0.085531907526885,0.2799569194528946
247,10,769,28,659,5,1718,0.1718,0.29643211076520415,0.08425906354751155,0.28027055831947
247,10,773,28,662,5,1725,0.1725,0.2966108175165565,0.08352110003226901,0.28070491266800995
248,10,776,28,666,5,1733,0.1733,0.2983889267659275,0.08423067623287929,0.28115125594011925
249,10,779,29,672,5,1744,0.1744,0.2988424170660613,0.08419499302787978,0.28208002858815256
250,10,781,29,679,5,1754,0.1754,0.2995631740897655,0.08387314335496647,0.28354226312713343
250,10,783,29,680,5,1757,0.1757,0.29915988039668284,0.08360054565999953,0.283598086237087
250,10,787,29,685,5,1766,0.1766,0.3014549110612536,0.08440293465323795,0.28460552582163984
252,10,790,29,687,5,1773,0.1773,0.30198084061471314,0.08493920054347885,0.2840220248890219
255,10,792,29,691,5,1782,0.1782,0.3033773259310272,0.08475335249769136,0.28375249543204806
258,10,794,29,696,5,1792,0.1792,0.3050125892838676,0.08473651509507468,0.2837802972494557
260,10,794,29,700,5,1798,0.1798,0.30620951933345486,0.08545625312889037,0.2841534650673614
260,10,798,29,706,5,1808,0.1808,0.3091047451488139,0.08695767195767197,0.2854239599558925
260,11,800,29,709,5,1814,0.1814,0.3091825632778107,0.08607510722028153,0.28565649670626386
261,12,802,29,709,5,1818,0.1818,0.30928579901354586,0.08654110295376052,0.2846266751685791
261,12,805,29,713,5,1825,0.1825,0.3112003323169468,0.08777580013090264,0.2854244031190813
262,12,806,29,716,5,1830,0.183,0.31114234453708645,0.08740392261108833,0.2857728357068132
265,12,809,30,717,5,1838,0.1838,0.3118690067603947,0.08705880946481126,0.2844121575160565
265,12,811,30,719,5,1842,0.1842,0.3131663153378307,0.08751015286325639,0.2847494504176029
265,13,816,30,720,5,1849,0.1849,0.3142624184560234,0.0889157404823991,0.2840615348686077
266,13,821,31,724,5,1860,0.186,0.31623235354823304,0.0901512561813034,0.284113751911452
267,13,825,31,728,5,1869,0.1869,0.3167148494697199,0.09050723233748925,0.28439564929786626
269,13,826,31,730,5,1874,0.1874,0.3169997732641176,0.09042072230200521,0.2840748324224454
270,13,829,31,731,6,1880,0.188,0.3175016640363408,0.09075261158594494,0.283909406476935
270,13,833,31,734,6,1887,0.1887,0.3190618514639683,0.09149105642311585,0.2842913163323481
274,13,833,31,736,6,1893,0.1893,0.3202856661960304,0.09181208897687053,0.2833278832462107
275,13,837,32,738,6,1901,0.1901,0.3215612447017021,0.09263196128393142,0.28294063708429995
276,13,842,32,740,6,1909,0.1909,0.32264977159813896,0.0931446740883931,0.282556353464613
276,13,844,32,742,6,1913,0.1913,0.32276813158781126,0.0926416235785653,0.2828856823754385
277,13,849,32,744,6,1921,0.1921,0.3239685376132656,0.09374710493476728,0.2825039234510771
279,13,851,33,747,6,1929,0.1929,0.324959734575824,0.09393890012159523,0.28224921542372455
279,13,852,33,755,6,1938,0.1938,0.3263198108911743,0.09452125515745562,0.28432272669998165
280,13,856,34,757,6,1946,0.1946,0.3262457543700921,0.09440060011537241,0.283940872851554
284,13,858,34,759,6,1954,0.1954,0.3279021872925452,0.0953920774458916,0.2827880971343382
284,13,859,34,763,6,1959,0.1959,0.3285997626082433,0.0958657023715018,0.2837575536665611
285,13,862,34,765,6,1965,0.1965,0.3296837657289178,0.09642890675330641,0.2836002505295922
286,13,868,34,768,6,1975,0.1975,0.3317805752494334,0.09735523194016593,0.2833849082626605
286,13,870,34,769,6,1978,0.1978,0.3317323009579152,0.09704208202141808,0.2834346649387558
286,13,871,34,771,6,1981,0.1981,0.3318260110957726,0.09731638309202344,0.283858907679126
287,13,872,34,771,6,1983,0.1983,0.3322111315270852,0.09779189907376754,0.2833879471582203
287,13,873,34,774,6,1987,0.1987,0.3323284195741798,0.0984467175313689,0.28407637745770425
288,13,874,34,775,6,1990,0.199,0.33259834814720984,0.09813113344088853,0.2838717014887567
288,13,877,34,779,6,1997,0.1997,0.334198578429064,0.0990279751103878,0.28460381283530206
290,13,877,35,781,6,2002,0.2002,0.3343141498697218,0.09909036157595887,0.284303152320446
291,14,882,35,783,6,2011,0.2011,0.336488538640226,0.09929823899819057,0.2835762327674747
293,14,885,35,787,6,2020,0.202,0.33802557912403636,0.09919625475281331,0.28359013549267154
294,14,886,36,790,6,2026,0.2026,0.33934749087768773,0.09971089103144419,0.28380422302170577
294,14,887,36,794,6,2031,0.2031,0.3402278682952195,0.1004234963311155,0.28473540202467146
296,14,890,36,798,6,2040,0.204,0.34138127683566477,0.10031855659223976,0.28474388254997535
297,14,892,36,801,6,2046,0.2046,0.34360515300093775,0.10228803811521948,0.2849520717399872
298,15,894,36,805,6,2054,0.2054,0.345276215532475,0.10180095629266896,0.2850644016890695
298,15,899,37,805,6,2060,0.206,0.34733527511630974,0.10305997169283433,0.28443620461458874
300,15,901,37,808,6,2067,0.2067,0.3482100608896095,0.10305284314270335,0.28429572549446097
300,15,903,38,809,6,2071,0.2071,0.34930519411689054,0.10450329501622826,0.28423805394866325
300,15,904,38,813,6,2076,0.2076,0.34955132053327337,0.10433033420186652,0.28514739556225893
301,15,905,38,815,6,2080,0.208,0.3496169529489646,0.10379626691115107,0.2852024627944818
301,15,907,38,818,6,2085,0.2085,0.3502620946764022,0.10428586557182078,0.28574981770468416
302,15,913,38,823,6,2097,0.2097,0.3524601879165338,0.10353122287767115,0.2860369199779342
304,15,917,38,828,6,2108,0.2108,0.3536076455176637,0.10436515550262775,0.2861848845510277
305,15,919,38,830,6,2113,0.2113,0.354290814039908,0.10501746653817773,0.2861346193934963
306,15,922,38,833,6,2120,0.212,0.3560080745463779,0.10636773626305825,0.286229199380593
306,15,924,38,837,6,2126,0.2126,0.35638193863374656,0.10679747036990758,0.2870085152149784
307,16,927,38,840,6,2134,0.2134,0.3583229269388764,0.10709634158239953,0.2867624787170168
308,17,928,38,842,6,2139,0.2139,0.3590408039825588,0.1071698300719502,0.28647659981923274
308,17,930,38,842,6,2141,0.2141,0.3598397323587166,0.10786229888100596,0.2862744234793871
310,17,936,38,842,6,2149,0.2149,0.36040087804793686,0.10677527871948587,0.2850004224815841
312,17,938,38,849,6,2160,0.216,0.3619410423284268,0.10671966461003003,0.285835050404234
314,17,940,38,853,6,2168,0.2168,0.36377088737162094,0.10773684889483157,0.28593791638748467
315,17,942,38,857,6,2175,0.2175,0.36436452927962515,0.10766640775196283,0.2863702520236866
316,18,946,38,859,6,2183,0.2183,0.36619892040561225,0.10884086105837579,0.2857937107766378
319,18,948,38,861,6,2190,0.219,0.36644990766874086,0.10795006932036015,0.28508989877238095
320,18,949,38,864,6,2195,0.2195,0.3665974012897317,0.10827810775225093,0.2853808261666808
323,18,952,38,868,6,2205,0.2205,0.36761178150623575,0.10865675188822185,0.28506031034036655
326,18,956,38,870,6,2214,0.2214,0.3692625401221458,0.10923052136737384,0.2841715956048308
327,18,957,38,870,6,2216,0.2216,0.3693177544038765,0.1096244341937905,0.28375084417227264
328,18,961,38,873,6,2224,0.2224,0.36945828778138023,0.10932355179452007,0.2837522481765474
328,18,962,38,874,6,2226,0.2226,0.3698413555343777,0.10944795130897045,0.283892237776979
328,19,965,38,875,6,2231,0.2231,0.3705113989429915,0.10949081769996079,0.2835177708722303
329,19,966,38,876,6,2234,0.2234,0.3706044125791272,0.10914343426704108,0.28333643472756903
330,20,968,38,878,6,2240,0.224,0.3706880347674215,0.10892555681508592,0.28297516406521694
331,20,968,38,883,6,2246,0.2246,0.37148260498487345,0.10934135502610914,0.2838293600039378
331,20,973,38,887,6,2255,0.2255,0.37281905440013263,0.11097396794728542,0.28428649835151304
333,20,973,38,891,6,2261,0.2261,0.37274295388581846,0.11053635116598079,0.28458083769856807
333,20,977,38,892,6,2266,0.2266,0.37262029918706374,0.10950036468065567,0.2844328933914125
334,20,981,38,899,6,2278,0.2278,0.3759637586431381,0.11071315247818277,0.28535292026368203
334,21,984,38,903,6,2286,0.2286,0.37635218196785797,0.10986216532608288,0.28567181626524896
334,21,986,38,905,6,2290,0.229,0.3765741699478421,0.1098279141999948,0.28593998762810874
335,21,987,38,908,6,2295,0.2295,0.37759881146468766,0.11036919912339889,0.2862158298846908
336,21,991,38,911,6,2303,0.2303,0.3799760730176331,0.11081282131554804,0.2862087427142212
336,21,992,38,914,6,2307,0.2307,0.3802512743899846,0.11077307738661374,0.2867934534889427
336,21,998,38,917,6,2316,0.2316,0.38107922083088025,0.11087402484010503,0.286907695393489
337,22,1000,38,920,6,2323,0.2323,0.38276329351570226,0.11150672652757139,0.28677548442414363
338,23,1002,38,922,6,2329,0.2329,0.3834884670205342,0.11156665908259811,0.2864203347458056
340,24,1003,38,925,6,2336,0.2336,0.3844583782734611,0.11270197466550906,0.2860755305226914
341,25,1003,38,928,6,2341,0.2341,0.38473468201679845,0.11219098653183089,0.2861312135090121
341,25,1003,38,933,6,2346,0.2346,0.38474913625173474,0.11168018936210684,0.28724211045797016
342,26,1005,38,936,6,2353,0.2353,0.3859438382504715,0.11228426279340527,0.2871107109701958
343,27,1011,38,938,6,2363,0.2363,0.3872116979619472,0.11226861262433262,0.2863936741589222
345,27,1012,38,942,6,2370,0.237,0.3881477810166396,0.11210672423832112,0.28657662607168755
345,27,1016,38,945,6,2377,0.2377,0.38952631853667585,0.11245522747069649,0.2868703353873503
345,27,1018,38,947,6,2381,0.2381,0.3900066918025657,0.11214325297866441,0.2871257331609545
346,28,1020,38,950,6,2388,0.2388,0.39018560131582697,0.11243107219903624,0.28699660613861483
347,28,1020,38,955,6,2394,0.2394,0.3907335213778494,0.112463983146467,0.2877824698237312
348,28,1022,38,956,6,2398,0.2398,0.390623736790997,0.11164736535139475,0.2875187034996398
348,28,1024,38,961,6,2405,0.2405,0.39086136900274626,0.11097292482250193,0.2884172138395045
348,28,1025,38,964,6,2409,0.2409,0.39139873547420856,0.11115958842301661,0.28897138326301297
348,28,1028,38,966,6,2414,0.2414,0.3917633631945487,0.11112710546586148,0.2891291556725341
349,28,1029,39,968,6,2419,0.2419,0.3921410998482969,0.1108645602054737,0.2890793623559588
349,28,1030,40,969,6,2422,0.2422,0.3926631595484792,0.11075239047754178,0.28911297485660636
351,28,1031,40,971,7,2428,0.2428,0.39402724611821033,0.11152176411816196,0.28906993633698486
353,28,1032,40,972,7,2432,0.2432,0.3937734029008579,0.1112039349328771,0.28860233923263373
355,28,1033,40,974,7,2437,0.2437,0.3943729689089542,0.11117835697221443,0.28834859003044694
356,28,1034,40,976,7,2441,0.2441,0.39471424533794847,0.11110733194626139,0.28838972373876537
358,28,1036,40,976,7,2445,0.2445,0.39538947907931865,0.11152313093092595,0.2876250073197187
360,29,1038,40,977,7,2451,0.2451,0.39566048132044385,0.11128258887304195,0.2867817740750345
360,29,1040,40,980,7,2456,0.2456,0.3965942035125028,0.11174403892650937,0.2872409343746538
362,30,1042,41,981,7,2463,0.2463,0.39730446907096834,0.11227969277425796,0.2863146045809614
363,30,1042,41,984,7,2467,0.2467,0.397333002323095,0.11195597779708252,0.28665719746049206
363,30,1046,41,987,8,2475,0.2475,0.39881335475817203,0.11199460594241836,0.2871487903235434
363,30,1046,41,990,8,2478,0.2478,0.39975628596662466,0.11298161695662187,0.2877771737637563
363,30,1047,41,994,8,2483,0.2483,0.40031985336242926,0.11367296069175455,0.2885243768627655
364,30,1049,42,995,8,2488,0.2488,0.4019665541780585,0.11436058700209643,0.2881821472636332
365,30,1050,42,997,8,2492,0.2492,0.40240533834169356,0.11428156004890654,0.288222707692416
367,30,1053,42,999,8,2499,0.2499,0.40237760664266603,0.11406848526894701,0.28780254274895567
368,30,1056,42,1000,8,2504,0.2504,0.4034943095101385,0.11377638761724874,0.2874636401634583
369,30,1058,42,1006,8,2513,0.2513,0.405020861881654,0.11412745098039216,0.288244146568785
371,31,1058,42,1011,8,2521,0.2521,0.40675169818163787,0.11442760898055925,0.2884167870054511
371,31,1058,42,1014,8,2524,0.2524,0.4073254433510634,0.11429762037195311,0.28903083808242985
371,31,1061,42,1017,8,2530,0.253,0.4078568604669072,0.11475895577162731,0.2893848684833989
373,31,1065,42,1019,8,2538,0.2538,0.4089485132958854,0.11480778183081466,0.2888829300742228
374,31,1067,42,1020,8,2542,0.2542,0.4093620305201984,0.11423112316636747,0.2886330330609382
374,32,1067,42,1022,8,2545,0.2545,0.40923546211531586,0.1136192496077175,0.28875719124937566
374,32,1067,42,1023,8,2546,0.2546,0.4093203085714247,0.11365495528682355,0.2889599192046992
374,32,1070,42,1029,8,2555,0.2555,0.4105946927148292,0.11397969335272004,0.28991587716290396
374,33,1071,42,1034,8,2562,0.2562,0.4114412536435156,0.11446064692569062,0.2905542646343055
375,33,1072,42,1036,8,2566,0.2566,0.41169372813757843,0.1143591762460601,0.29058966036984407
376,33,1074,42,1037,8,2570,0.257,0.4114937119399871,0.11378149747027583,0.290340420364198
376,33,1076,42,1040,8,2575,0.2575,0.41129733262143375,0.11323812135175378,0.29076925654545427
377,33,1076,42,1043,8,2579,0.2579,0.4113275447885651,0.11337262107635755,0.2910874413639963
377,34,1078,42,1045,8,2584,0.2584,0.4117909853363508,0.11330222690058343,0.29103719481053814
377,34,1081,43,1048,8,2591,0.2591,0.41218751908303236,0.11305984463884317,0.29129320141210924
378,34,1083,43,1054,8,2600,0.26,0.41252210507912784,0.11335136831917268,0.2920299412879411
380,34,1084,43,1055,8,2604,0.2604,0.4129294235678658,0.11371423564421211,0.29159064289672704
381,34,1086,43,1058,8,2610,0.261,0.41320516274317126,0.11390282735203272,0.29173582125893754
383,34,1088,43,1058,8,2614,0.2614,0.41310559801390445,0.11355780253502218,0.2910192328256307
383,34,1092,43,1059,8,2619,0.2619,0.41367942778324596,0.11394629291712906,0.2908813714459317
384,34,1094,43,1062,8,2625,0.2625,0.414808414577899,0.11459612417642782,0.2910275050302323
384,34,1097,43,1064,8,2630,0.263,0.4150657263126194,0.11474514409420826,0.2911679887654561
384,36,1098,43,1066,8,2635,0.2635,0.41589443426281886,0.11532943978217175,0.29092918828658015
385,36,1101,43,1071,8,2644,0.2644,0.4163427380468608,0.1148841655602254,0.29137903255314157
387,36,1103,43,1074,8,2651,0.2651,0.41739200465431137,0.1155405047952659,0.2912519028920064
387,36,1106,43,1076,8,2656,0.2656,0.4174642290814881,0.11498456530012673,0.2913905460184571
388,37,1108,43,1078,8,2662,0.2662,0.4180920669809681,0.1158447371902843,0.2910717099785877
389,38,1109,43,1078,8,2665,0.2665,0.418431682733181,0.11615734246511686,0.29045138930346887
390,38,1114,43,1081,8,2674,0.2674,0.4196637534509448,0.1164042452810049,0.29035139828574125
390,38,1115,43,1085,8,2679,0.2679,0.4206737951956891,0.11653495354067961,0.2910360882072373
390,38,1116,43,1086,8,2681,0.2681,0.42061567969730335,0.11635664405411351,0.29114567201996744
390,38,1117,43,1088,8,2684,0.2684,0.42087235741491175,0.11643398118081295,0.291445718805255
392,38,1119,43,1088,8,2688,0.2688,0.4204129572548896,0.11584722156488216,0.29074915286694675
392,38,1121,44,1092,8,2695,0.2695,0.4219846210078707,0.11622869016691284,0.2912669846457492
394,38,1123,44,1094,8,2701,0.2701,0.4223265025138962,0.11637087280779318,0.29095302044253685
396,38,1125,44,1096,8,2707,0.2707,0.4227396536598046,0.11606075135546103,0.2906403841579346
396,38,1125,44,1096,8,2707,0.2707,0.4227396536598046,0.11606075135546103,0.2906403841579346
397,39,1128,45,1098,8,2715,0.2715,0.4228948515298398,0.11602564102564102,0.29016860827428576
397,39,1129,46,1102,8,2721,0.2721,0.4236281798765567,0.1163952468154748,0.29076318701845344
397,40,1131,46,1103,8,2725,0.2725,0.42441918146660546,0.11670846498884152,0.29052805097971773
397,40,1134,47,1105,8,2731,0.2731,0.42555114947273603,0.11659598058615071,0.29058444937526345
397,40,1136,47,1106,8,2734,0.2734,0.425715173539446,0.11643727090185728,0.29061255994904006
397,40,1138,47,1106,8,2736,0.2736,0.4258237728721037,0.1167090551974214,0.2904531572859872
399,40,1140,47,1108,8,2742,0.2742,0.4259009277476193,0.11615660681245404,0.2901453987468994
400,40,1144,47,1109,8,2748,0.2748,0.4262489454959722,0.11582985998002654,0.2897543494007306
402,40,1145,47,1110,8,2752,0.2752,0.42631555133668203,0.11546586588212647,0.2893411620229087
402,40,1151,47,1113,8,2761,0.2761,0.4269899477959986,0.11475913852963032,0.28942861601122427
403,40,1152,48,1117,8,2768,0.2768,0.4277185705063059,0.11490760632294064,0.28975659940988185
404,40,1154,48,1121,8,2775,0.2775,0.4289981084202182,0.11460444428060172,0.290082760955152
406,40,1154,49,1125,8,2782,0.2782,0.42924109510402714,0.11407601339530042,0.2902277088770706
407,40,1154,49,1126,8,2784,0.2784,0.4290822258039404,0.11366934580838715,0.2901546287582503
408,40,1156,49,1129,8,2790,0.279,0.4293574943047811,0.11289720956678617,0.29029377955245445
409,40,1157,49,1131,8,2794,0.2794,0.42989366732938505,0.11323045627697227,0.29032666498413295
411,40,1159,49,1133,8,2800,0.28,0.43042967355912953,0.1135710553814002,0.29002563181519675
411,40,1162,49,1135,8,2805,0.2805,0.4308809648863497,0.11322257219580632,0.29015913877421173
412,40,1163,49,1138,8,2810,0.281,0.4309318439023064,0.11265163367354601,0.2903747132610106
413,40,1163,49,1140,8,2813,0.2813,0.43170885277934684,0.11293035337753535,0.2904846577216141
414,41,1163,49,1141,8,2816,0.2816,0.43149728983646085,0.11252434811538684,0.2901577260324961
414,41,1164,50,1142,8,2819,0.2819,0.4314578159244666,0.1121373100951837,0.2901854143754294
414,41,1168,50,1142,8,2823,0.2823,0.43249264441927143,0.11287559212614089,0.2898769263801995
414,41,1170,51,1142,8,2826,0.2826,0.43244040285594953,0.11248785632068238,0.2896459904686243
414,41,1172,51,1145,8,2831,0.2831,0.43276724370539377,0.1127989003712664,0.2900373521573571
415,41,1174,52,1147,8,2837,0.2837,0.432853588960889,0.11224322933891888,0.28991670420259813
415,41,1176,52,1153,8,2845,0.2845,0.4338835856721459,0.11303494893215557,0.29084696815147204
417,41,1179,52,1153,8,2850,0.285,0.4336699197721636,0.11289909075801645,0.2901139114758348
417,41,1180,52,1154,8,2852,0.2852,0.43352343334199717,0.1124931088830786,0.2902176479045881
417,41,1183,53,1158,8,2860,0.286,0.43444544716266387,0.11246929630311109,0.29063106034672526
418,41,1183,53,1159,8,2862,0.2862,0.4349085343429829,0.11293985041471147,0.2905596929550292
419,41,1183,53,1163,8,2867,0.2867,0.4357285319691354,0.11301918067566061,0.29102489558906636
421,42,1185,53,1164,8,2873,0.2873,0.4360278495672531,0.11245700407830775,0.2903023247119929
421,42,1186,54,1165,8,2876,0.2876,0.4368914771918908,0.11293979246877472,0.2903293217784125
421,42,1187,54,1166,8,2878,0.2878,0.43684593777918584,0.11253378337433796,0.29043193208901324
422,42,1187,54,1170,8,2883,0.2883,0.4366488672853563,0.11194819469691983,0.2908947822112687
424,42,1189,54,1172,8,2889,0.2889,0.43671168685308953,0.11116014470075143,0.2906020666109776
427,42,1189,54,1175,8,2895,0.2895,0.43709532854867855,0.11103138662301515,0.2903905820410079
428,43,1190,54,1178,8,2901,0.2901,0.43793212878205573,0.11154440113275974,0.2903519040062066
428,44,1190,55,1181,8,2906,0.2906,0.4386335677441734,0.1118031939423289,0.29055981772418943
430,44,1193,55,1183,8,2913,0.2913,0.43896896073290853,0.11125010367304938,0.29019547680651286
430,44,1194,55,1186,8,2917,0.2917,0.4393771152463974,0.11130416489330529,0.2906483222031124
433,44,1196,55,1187,8,2923,0.2923,0.43942394852774586,0.11072902611756327,0.2899391554134323
433,44,1197,55,1189,8,2926,0.2926,0.4397834339103885,0.11055279726821572,0.2902156942651925
433,44,1199,55,1191,9,2931,0.2931,0.440634524047464,0.1108540814763477,0.29059212313597493
433,44,1199,55,1192,9,2932,0.2932,0.44077428692761167,0.11086676206801553,0.2907668065762478
433,44,1201,56,1192,9,2935,0.2935,0.44128395398282444,0.11090444617522595,0.2905440735753168
433,44,1202,56,1194,9,2938,0.2938,0.4412989056628199,0.11094159478870821,0.2908187049193168
433,44,1205,56,1194,9,2941,0.2941,0.44137019110064996,0.11075621750953621,0.2905963656427029
436,44,1206,56,1194,9,2945,0.2945,0.441095580289356,0.11016088486676721,0.28979239141948937
436,45,1206,56,1194,9,2946,0.2946,0.4410332222116416,0.10995849413255354,0.28954932653099047
437,45,1211,56,1197,9,2955,0.2955,0.44113328438636307,0.10943030079695927,0.289461513304717
437,46,1213,56,1198,9,2959,0.2959,0.441196710321571,0.10925140628060473,0.28924658710259443
439,46,1215,56,1200,9,2965,0.2965,0.4413822758633995,0.1088930046150109,0.28896443568392477
440,48,1217,56,1203,9,2973,0.2973,0.44274801437531686,0.10919505945583563,0.28861604888355225
441,49,1219,56,1205,9,2979,0.2979,0.44371762976705453,0.10925176144872237,0.2883363941079364
444,49,1221,56,1206,9,2985,0.2985,0.44341728130564084,0.10825159580820376,0.2876451520270808
445,50,1223,56,1208,9,2991,0.2991,0.4436751289271665,0.10831300759122281,0.2873683702355918
445,51,1223,56,1209,9,2993,0.2993,0.4438314334746068,0.10811099934083448,0.2873023961549051
445,51,1225,56,1210,9,2996,0.2996,0.4440102414820384,0.1079290300248065,0.2873311965849476
445,51,1225,56,1210,9,2996,0.2996,0.4440102414820384,0.1079290300248065,0.2873311965849476
445,51,1228,56,1215,9,3004,0.3004,0.4450783833766467,0.10759107103648341,0.2879769378221795
446,51,1229,56,1218,9,3009,0.3009,0.4455420080280653,0.10742708165184739,0.2881823162871157
446,51,1230,56,1218,9,3010,0.301,0.4455268626978265,0.1074364052776124,0.2881104965852475
447,51,1231,56,1220,9,3014,0.3014,0.4459396466729872,0.1076840719712595,0.2881440409891156
449,51,1231,56,1222,10,3019,0.3019,0.4469387046668506,0.10817030307515269,0.2881831500423992
450,51,1232,56,1225,10,3024,0.3024,0.44709614390451474,0.10800227077563503,0.2883870508481525
450,51,1237,56,1225,10,3029,0.3029,0.44730289552103436,0.10783334842923294,0.28802996964933314
452,52,1237,56,1226,10,3033,0.3033,0.44782854397807803,0.10786553925642176,0.28749286970386656
455,54,1237,56,1228,10,3040,0.304,0.44868903929920995,0.10885558620529136,0.2866573778549162
456,54,1237,56,1228,10,3041,0.3041,0.44867367760161975,0.10886292972557673,0.28642249722468627
458,54,1237,56,1228,10,3043,0.3043,0.44905623355724944,0.10950594940195611,0.28595308301351574
459,54,1238,56,1229,10,3046,0.3046,0.4492990670802331,0.10952685723846999,0.2858187712376045
460,54,1241,56,1231,10,3052,0.3052,0.44993297230361456,0.10935814307636235,0.2857145072591787
460,54,1242,56,1233,10,3055,0.3055,0.4500239231671369,0.10916882675188172,0.28598454177355864
460,54,1245,56,1233,10,3058,0.3058,0.45019886655175956,0.10877058069890481,0.28577393059977946
460,54,1246,56,1236,10,3062,0.3062,0.4505081277255479,0.10900439925425645,0.286212963175356
463,55,1247,56,1237,10,3068,0.3068,0.4504787791029514,0.10894360173501977,0.28538095227746424
464,55,1249,57,1238,10,3073,0.3073,0.4510210167565504,0.10959618208516889,0.2851088433695015
464,56,1250,57,1240,10,3077,0.3077,0.4512454284194975,0.1096175042316625,0.2851458581530637
466,56,1251,57,1242,10,3082,0.3082,0.45110743623510374,0.1088201328953126,0.28495124929713594
466,56,1251,57,1243,10,3083,0.3083,0.4511503667211746,0.10861776809489232,0.2851202009211608
466,56,1255,58,1243,10,3088,0.3088,0.45181069259127227,0.10905732363991189,0.2847734914331504
466,56,1255,59,1244,10,3090,0.309,0.4521334585824668,0.10885963359957278,0.28487299043074826
466,56,1257,59,1246,10,3094,0.3094,0.45281483959358054,0.10908504608859922,0.2850715801598647
467,56,1258,59,1250,10,3100,0.31,0.45305463125388484,0.10891155438297359,0.28544430438716767
468,56,1260,59,1250,10,3103,0.3103,0.45339522945429017,0.10892388677282672,0.28507611674926325
469,56,1262,59,1250,10,3106,0.3106,0.45375756852008486,0.10893574197910326,0.28470846302221453
469,56,1262,59,1251,10,3107,0.3107,0.45409463115909254,0.1089395878521465,0.2848762743034999
472,57,1263,60,1251,10,3113,0.3113,0.45467227230349033,0.10896155419925085,0.2838215424753214
472,57,1266,61,1251,10,3117,0.3117,0.455371228310563,0.1089718262187966,0.28354780367261956
472,58,1267,61,1253,10,3121,0.3121,0.4558270885509783,0.10909500101474848,0.2835864493836113
472,58,1267,62,1254,10,3123,0.3123,0.4563041224685738,0.10889553389304757,0.28368576764002124
473,58,1267,63,1257,10,3128,0.3128,0.45678865059123885,0.10870194339642034,0.2838913452679786
473,59,1272,63,1258,10,3135,0.3135,0.4575126015844688,0.10912858454304133,0.2834902992977675
474,59,1273,63,1259,10,3138,0.3138,0.45778704296506156,0.10893084662861331,0.2833619867277024
474,59,1273,65,1263,10,3144,0.3144,0.4585756731038769,0.10894418506613947,0.2838926179117635
474,59,1275,67,1263,10,3148,0.3148,0.4589894764721754,0.10895204445626439,0.28362147835848034
476,60,1277,67,1264,10,3154,0.3154,0.4598500094241409,0.10896228997971269,0.2829736806324159
478,60,1279,67,1265,10,3159,0.3159,0.4601096878292975,0.10876544909267061,0.2825535481612538
478,60,1280,67,1268,10,3163,0.3163,0.46059468058932873,0.1083628572989006,0.2829842539309649
479,60,1281,68,1270,10,3168,0.3168,0.46065882436596123,0.10796129716390564,0.28295593903228794
481,60,1283,68,1272,10,3174,0.3174,0.4605991114137088,0.10796681935823768,0.28270311393128233
481,60,1289,68,1273,11,3182,0.3182,0.4619958421808338,0.10939903056027853,0.28263212952095634
481,61,1291,68,1274,11,3186,0.3186,0.4624864298153925,0.11000692598765713,0.28243971754545055
482,61,1293,68,1277,11,3192,0.3192,0.46364508731491744,0.11100899665617411,0.2825770078665464
482,61,1294,68,1283,11,3199,0.3199,0.4638385708185734,0.11018610325443347,0.283494806384953
482,61,1295,68,1285,11,3202,0.3202,0.4637266038354154,0.1095769687780712,0.2837551958598798
483,62,1297,68,1289,11,3210,0.321,0.46390792378727774,0.10876089762889578,0.2838297831678318
483,62,1298,68,1291,11,3213,0.3213,0.46395587118580517,0.10854811239733028,0.2840888413308007
483,62,1300,69,1292,11,3217,0.3217,0.46454818615929017,0.10834113664817906,0.284052208770849
484,62,1301,69,1294,11,3221,0.3221,0.46490423821315313,0.10800709358037262,0.2840889808841198
484,62,1302,69,1296,11,3224,0.3224,0.46512751551034326,0.10800209167062211,0.2843468484569766
484,63,1302,69,1302,11,3231,0.3231,0.46615971814487556,0.10878393867331286,0.285095051750182
484,64,1304,69,1302,11,3234,0.3234,0.4659877521864796,0.10877931608498127,0.2847420082578898
485,64,1305,69,1304,11,3238,0.3238,0.46689902073459666,0.10917029084850788,0.2847776645542157
485,64,1306,69,1305,11,3240,0.324,0.46705825594706907,0.10896459534321759,0.2848725341965926
486,64,1306,69,1305,11,3241,0.3241,0.46702982535536214,0.10876160762336155,0.28465241745880787
486,66,1308,69,1308,11,3248,0.3248,0.4679495638303306,0.10974131848259973,0.28456321810461604
487,66,1309,69,1310,11,3252,0.3252,0.468395496937537,0.10992768326309764,0.284598951368973
488,66,1309,69,1312,11,3255,0.3255,0.4689195859039304,0.10995771979958749,0.28470023639536207
488,66,1311,69,1313,11,3258,0.3258,0.4696833642096586,0.11014609012393617,0.2847290180081927
488,66,1314,69,1315,11,3263,0.3263,0.47005060902548274,0.11032563797313658,0.2848519512449714
489,66,1315,69,1316,11,3266,0.3266,0.4702245673309382,0.11051225397778734,0.28472761749951686
490,66,1316,69,1317,11,3269,0.3269,0.47038921491098107,0.1108972188567208,0.2846035017019
490,66,1317,70,1317,12,3272,0.3272,0.4710056183467282,0.11148014265070537,0.28463224861335784
491,66,1317,70,1319,12,3275,0.3275,0.47119883999715545,0.11146553343793363,0.2847328821571627
491,66,1318,70,1322,12,3279,0.3279,0.4722098491888138,0.11243841111715747,0.2851444219379318
491,66,1320,71,1322,12,3282,0.3282,0.4719811322382497,0.1118192737955687,0.284948759465498
491,66,1320,71,1323,12,3283,0.3283,0.4721565106193424,0.11201232558016477,0.28510739844821725
491,66,1322,71,1324,12,3286,0.3286,0.47257950458775566,0.1121940831571786,0.28513557639830145
491,67,1324,71,1326,12,3291,0.3291,0.4731208548371226,0.11236933177079567,0.28510510677604034
491,67,1325,71,1329,12,3295,0.3295,0.4734580047560267,0.11194962452893417,0.2855140634432061
494,67,1325,71,1329,12,3298,0.3298,0.4733152508821972,0.11133806473948415,0.28486491260477154
495,67,1328,71,1330,13,3304,0.3304,0.4742176132688366,0.11149901279351118,0.2847702468277082
495,67,1330,71,1334,13,3310,0.331,0.4754407078214421,0.11224974702156326,0.2852706721592349
495,67,1331,71,1334,14,3312,0.3312,0.47540098676638065,0.11204571781037682,0.28536311730417685
496,67,1332,71,1337,14,3317,0.3317,0.47617009503192004,0.11299679967208466,0.2855538870363105
496,67,1334,71,1339,14,3321,0.3321,0.47641051111759014,0.11277084679700594,0.2857378701310833
499,68,1338,72,1339,14,3330,0.333,0.47696251344675994,0.11212121212121211,0.28455818866188115
500,68,1340,73,1340,14,3335,0.3335,0.4772746945490307,0.11149384459205637,0.28430851527839235
501,68,1341,73,1340,14,3337,0.3337,0.47724738281369605,0.1112821852446824,0.28403083330235335
501,68,1342,73,1341,14,3339,0.3339,0.47790622159869406,0.11185525038760775,0.2841233840059056
501,68,1344,73,1343,15,3344,0.3344,0.47814631006282854,0.11178997031783076,0.2844641922618374
501,68,1344,74,1345,15,3347,0.3347,0.47839553799723905,0.1115695206611648,0.28471205055223353
501,68,1345,74,1346,15,3349,0.3349,0.4788706239193652,0.11174875128833243,0.284803861727749
501,69,1346,74,1347,15,3352,0.3352,0.47909869827847973,0.11152783609424598,0.28468276029325956
501,69,1347,74,1350,15,3356,0.3356,0.47917239266272615,0.11149368324961839,0.28508495401351414
501,69,1349,74,1350,15,3358,0.3358,0.4795573867654608,0.1118671377093523,0.2849574937138842
501,69,1352,74,1351,15,3362,0.3362,0.4799242123916396,0.11183158662814598,0.2849215338832984
501,69,1352,74,1352,15,3363,0.3363,0.4797813778046183,0.11162739342516527,0.2850764251493718
502,69,1354,74,1354,15,3368,0.3368,0.48040589190160904,0.11201195021961123,0.2850467379358088
503,69,1354,75,1356,15,3372,0.3372,0.4810668563215575,0.11275374747306488,0.285080585261331
504,70,1354,75,1357,15,3375,0.3375,0.481273169583694,0.1123352526672251,0.28481213323229
505,70,1354,75,1359,15,3378,0.3378,0.48181186151055433,0.11269518353771098,0.2849094929228255
505,71,1355,75,1365,15,3386,0.3386,0.4822456086520787,0.11300316486069302,0.28555832080955
506,71,1356,75,1365,15,3388,0.3388,0.4822772001894862,0.11298243208552317,0.2852845285735321
509,71,1358,75,1366,15,3394,0.3394,0.4826569365519788,0.11330706754832702,0.284681127119613
509,72,1361,75,1368,16,3401,0.3401,0.4834234859273377,0.11327058415263401,0.28474271126206263
510,72,1364,75,1368,16,3405,0.3405,0.4836946955871378,0.11326581002771478,0.28434494892918183
510,72,1364,75,1369,16,3406,0.3406,0.4838259033772076,0.11344801060217316,0.28449810157559857
510,72,1366,76,1370,16,3410,0.341,0.4844301722370663,0.11320152170878119,0.28446313828137654
510,72,1366,77,1372,16,3413,0.3413,0.48424347902590964,0.11279208561357422,0.28470615308668307
512,72,1367,77,1372,16,3416,0.3416,0.4844282440116276,0.11297523429958656,0.2842260442509084
512,73,1367,77,1373,16,3418,0.3418,0.484964450018063,0.11295187792530456,0.28417019654507564
516,73,1367,77,1375,16,3424,0.3424,0.4858793567235801,0.11365193454177581,0.2836424105460494
516,73,1367,77,1376,16,3425,0.3425,0.4859906329684495,0.11363977892025323,0.2837950135004584
516,74,1368,77,1378,16,3429,0.3429,0.48640739826031365,0.11385509499637236,0.2838298431272466
516,74,1370,77,1379,16,3432,0.3432,0.4863725368852485,0.11343276134883716,0.2838578910045378
517,74,1370,77,1380,16,3434,0.3434,0.48647393293504876,0.11340778270653303,0.28380253503543357
518,74,1370,77,1381,16,3436,0.3436,0.4866978533547389,0.11356737376954816,0.28374724717979366
520,74,1372,77,1381,16,3440,0.344,0.48683733518853917,0.11332425045987964,0.28320911627832884
520,75,1374,78,1381,16,3444,0.3444,0.4868920765268014,0.11270433445956998,0.2828169946679083
520,75,1374,78,1384,16,3447,0.3447,0.4873756753208229,0.11304941528746948,0.2832729386783634
522,75,1374,78,1384,16,3449,0.3449,0.48753120722304943,0.11302324970516679,0.28285991466303617
522,75,1375,78,1385,16,3451,0.3451,0.4880132951502117,0.11338038858530662,0.282950171119243
522,75,1375,78,1385,16,3451,0.3451,0.4880132951502117,0.11338038858530662,0.282950171119243
522,75,1377,78,1386,16,3454,0.3454,0.4887412437421386,0.11314872216682526,0.2829787801496996
522,76,1378,78,1386,17,3457,0.3457,0.4892829570762658,0.11351574932034333,0.28286283484142255
523,76,1381,78,1386,17,3461,0.3461,0.489184040805813,0.11307078763267255,0.2824728776316488
524,76,1383,78,1387,17,3465,0.3465,0.489121803277808,0.11244216827621978,0.282296327247266
525,76,1384,80,1388,17,3470,0.347,0.4894155200206796,0.11219589137534615,0.2820590534563802
525,77,1384,80,1389,17,3472,0.3472,0.4895177115148543,0.11178616392236745,0.28200534679762734
526,77,1387,80,1390,17,3477,0.3477,0.4897884388264608,0.11171634542241571,0.2817688815116018
527,77,1387,80,1391,17,3479,0.3479,0.4898039038597405,0.11168812753789294,0.28171545151695526
528,78,1391,80,1392,17,3486,0.3486,0.49037141451958804,0.11062825550623784,0.2812149394373649
528,78,1392,80,1395,17,3490,0.349,0.4907982898685761,0.11079291947794774,0.28160702248323943
530,78,1395,80,1398,17,3498,0.3498,0.4915808175666797,0.11143586061297756,0.2814697942263851
532,78,1396,80,1399,17,3502,0.3502,0.49199089679100777,0.11136814661108634,0.2811532716825306
532,78,1398,80,1399,17,3504,0.3504,0.4918764584990201,0.11096595394403927,0.28103262979717564
533,78,1400,80,1400,17,3508,0.3508,0.49215202585262163,0.1107155663631012,0.28085959479936146
533,78,1400,80,1400,17,3508,0.3508,0.49215202585262163,0.1107155663631012,0.28085959479936146
536,79,1400,80,1402,17,3514,0.3514,0.49209639030789365,0.11046557813512227,0.28034995867399076
537,79,1401,80,1403,17,3517,0.3517,0.4922813366099047,0.11071059508795082,0.28023798953031437
538,80,1402,80,1403,17,3520,0.352,0.49280740319852867,0.11142020512165154,0.27977408939316417
538,80,1403,80,1404,17,3522,0.3522,0.492916363929603,0.1113883278749375,0.2798645195803517
538,80,1404,80,1405,17,3524,0.3524,0.49312866174427894,0.11116726649755469,0.27995484101171025
539,80,1406,80,1406,17,3528,0.3528,0.4935288939957275,0.11129172605746397,0.279783830967444
540,80,1407,80,1408,17,3532,0.3532,0.4935890890752291,0.11103778942769771,0.2798225210524146
541,81,1408,80,1408,17,3535,0.3535,0.49370621171883583,0.11100501711926704,0.27936076964037265
542,81,1410,80,1409,17,3539,0.3539,0.49417592027054363,0.1105619710454314,0.2791908566655092
542,81,1410,80,1410,17,3540,0.354,0.49445961920391895,0.11073390981476218,0.279340523483709
542,81,1411,81,1413,17,3545,0.3545,0.49490359979365856,0.11104388067512294,0.27967011002517017
543,81,1411,81,1414,17,3547,0.3547,0.4949302340867206,0.11119840775112061,0.27961891637081476
544,81,1411,81,1416,17,3550,0.355,0.4949241175194342,0.1109592615727588,0.2797168330194337
544,82,1413,82,1417,17,3555,0.3555,0.4958780799773447,0.11126685049019604,0.2794881887428846
544,82,1417,82,1419,17,3561,0.3561,0.496189286048923,0.11153817270536229,0.2795493616025529
544,82,1418,83,1419,17,3563,0.3563,0.4963419084403883,0.11151062706171505,0.27943131579379044
545,82,1419,84,1419,17,3566,0.3566,0.4962906380168766,0.11108230587492107,0.27911407079046
545,82,1419,85,1422,17,3570,0.357,0.49704940003386544,0.1111986874185413,0.27950057970002745
545,82,1422,85,1422,17,3573,0.3573,0.497187267017964,0.11058279075898028,0.2793240060950823
546,82,1424,85,1423,17,3577,0.3577,0.4971717617760114,0.11013646658572859,0.2791558975863631
546,82,1429,86,1423,17,3583,0.3583,0.49701788252642676,0.10964618522894141,0.2788039874251271
547,82,1432,86,1425,17,3589,0.3589,0.49679138226142916,0.10897622650671238,0.27872629227644685
547,82,1434,86,1428,17,3594,0.3594,0.4979677611035417,0.10888434352166641,0.2790526091709184
547,82,1435,86,1429,17,3596,0.3596,0.4982181644985954,0.10903385537767699,0.279141677536761
547,82,1437,86,1430,17,3599,0.3599,0.4988563814191145,0.10982455911396478,0.2791722400433157
547,83,1437,87,1430,18,3602,0.3602,0.4994021288882607,0.11015948352011334,0.27906373437187176
547,83,1437,87,1431,18,3603,0.3603,0.49935599866727315,0.1099541239685165,0.2792109175815938
548,83,1438,87,1432,18,3606,0.3606,0.49990369796658674,0.11045557650576389,0.27910250870342085
549,83,1439,87,1433,18,3609,0.3609,0.5000054604659675,0.11021157340811606,0.2789942724001233
549,83,1442,88,1433,18,3613,0.3613,0.49999259331547097,0.10994801234592808,0.2787617065650682
549,83,1443,88,1433,18,3614,0.3614,0.4998541295676683,0.10974261003565429,0.27870362567609447
550,83,1444,88,1436,18,3619,0.3619,0.5007537729041015,0.1103802991733181,0.27888939528148055
550,83,1444,88,1436,18,3619,0.3619,0.5007537729041015,0.1103802991733181,0.27888939528148055
550,83,1444,89,1437,18,3621,0.3621,0.5009284068973368,0.11034067307983705,0.27897796014135673
550,83,1444,89,1440,18,3624,0.3624,0.5009460488321544,0.1100953470090419,0.2794170068253277
550,83,1445,89,1441,18,3626,0.3626,0.5011551660587233,0.11024093462070007,0.2795051110934705
550,83,1446,91,1443,18,3631,0.3631,0.5018491321607607,0.1106653713134834,0.2796230424792226
551,83,1447,91,1444,18,3634,0.3634,0.5017605116257245,0.1104189722619117,0.2795151567368907
551,83,1451,91,1445,18,3639,0.3639,0.502645381790208,0.11031647137516817,0.2794294516955394
551,83,1452,92,1446,18,3642,0.3642,0.5033092656534779,0.11080945269505842,0.2794594277302502
551,84,1453,92,1446,18,3644,0.3644,0.5034511139071941,0.11113757514942224,0.27920651520697826
552,84,1455,92,1447,18,3648,0.3648,0.5033159323887961,0.1106838953170148,0.2790416959017663
553,84,1455,92,1448,18,3650,0.365,0.5033062797171896,0.11045703225463961,0.27899225702891756
554,84,1457,93,1448,18,3654,0.3654,0.5038393661840904,0.1100725119840727,0.2786251375351217
555,84,1458,93,1448,18,3656,0.3656,0.5038695272600523,0.10984558062300764,0.27837327868803047
555,84,1458,95,1448,18,3658,0.3658,0.5042814979875413,0.10984558062300764,0.2782586226450772
555,84,1458,95,1449,18,3659,0.3659,0.5042666507506738,0.10963987402858345,0.2784039647977575
555,84,1460,96,1453,18,3666,0.3666,0.5052646981791367,0.10985886272180195,0.2788123137939382
556,86,1460,96,1454,18,3670,0.367,0.5057634549850498,0.10977234717322003,0.27837578140478686
558,87,1461,96,1454,18,3674,0.3674,0.5062989589537092,0.10989211379331913,0.2777382247737779
558,87,1462,96,1457,18,3678,0.3678,0.5062749341716929,0.10962040592616797,0.27811567563906064
558,87,1463,96,1458,18,3680,0.368,0.5065664691026639,0.1097600738283064,0.2782033063088038
560,87,1463,96,1458,18,3682,0.3682,0.5064269929030973,0.10934836598318935,0.2778172863490796
561,87,1464,96,1460,18,3686,0.3686,0.506856380599413,0.10925955840121135,0.27785668060353536
562,88,1464,96,1462,18,3690,0.369,0.5071410452602718,0.1093535847894742,0.27776020314517175
563,88,1465,96,1463,18,3693,0.3693,0.5069707021727586,0.10910270782049655,0.27765540682671624
563,89,1467,96,1463,19,3697,0.3697,0.5076296144502934,0.10903492732793349,0.2774942212291534
563,89,1469,96,1464,19,3700,0.37,0.5079026169087267,0.10951621412692607,0.2775252528401671
563,90,1469,98,1466,19,3705,0.3705,0.5082253208456851,0.10926443320382578,0.27750835672714613
563,91,1469,98,1466,19,3706,0.3706,0.5082482005100392,0.10941671628273253,0.2773167177747256
563,91,1469,98,1467,19,3707,0.3707,0.5083674639548258,0.10957665863532683,0.27746053200527837
563,91,1470,98,1467,19,3708,0.3708,0.5084085832049633,0.10937062521771884,0.2774041619831018
564,91,1471,99,1468,19,3712,0.3712,0.5086602589219436,0.10964361025066362,0.2772438463179186
564,91,1471,99,1471,19,3715,0.3715,0.5088950752664622,0.1095735571049348,0.2776743838320039
566,91,1473,99,1471,19,3719,0.3719,0.5089088870158807,0.1089319079785846,0.27717986435527475
567,91,1474,99,1471,19,3721,0.3721,0.5092826788350157,0.10888492321003673,0.27693290480043425
567,91,1476,99,1471,19,3723,0.3723,0.510106541194065,0.10902023758084102,0.27682079515600294
568,91,1476,100,1472,19,3726,0.3726,0.5104872286568737,0.1091315154596508,0.27671759644238164
569,91,1476,100,1474,19,3729,0.3729,0.5108449377358631,0.1096067715463078,0.2768137184323252
570,91,1476,101,1475,19,3732,0.3732,0.5111626005821737,0.10934471644501302,0.2767107012464445
571,91,1477,101,1477,19,3736,0.3736,0.5114762426363252,0.10943019809771085,0.2767508388386572
571,91,1478,102,1477,19,3738,0.3738,0.5116773236038532,0.10974556439915288,0.27663925237600573
571,91,1479,102,1478,19,3740,0.374,0.5117226815101015,0.10951483868112162,0.27672635913670457
571,91,1481,102,1479,19,3743,0.3743,0.5117177346176245,0.10962321832372673,0.27675763576214835
571,92,1483,102,1481,19,3748,0.3748,0.5123361726887997,0.1100697028287571,0.2767419512188565
572,92,1484,102,1483,19,3752,0.3752,0.512565932516743,0.1099702092037549,0.2767818849497803
573,92,1486,102,1483,19,3755,0.3755,0.5128148841556592,0.10989520985586214,0.27648170202919314
574,92,1486,102,1483,20,3757,0.3757,0.5132673648844636,0.11020779812960273,0.2764350701698593
574,92,1486,102,1484,20,3758,0.3758,0.5134227731486288,0.11054529493716957,0.2765773110377768
574,92,1487,102,1484,20,3759,0.3759,0.5134838579115971,0.11033866725112279,0.2765218606067498
574,92,1488,102,1485,20,3761,0.3761,0.5136507021207894,0.11028020654250423,0.2766085530399338
574,92,1489,102,1485,20,3762,0.3762,0.5139574368812433,0.11007359751923,0.2765531387597182
574,92,1490,102,1486,20,3764,0.3764,0.51428680454753,0.11020394706229145,0.27663974727995894
574,92,1492,103,1486,20,3767,0.3767,0.5147414028047896,0.11013517124310393,0.27647367924217825
574,92,1493,103,1487,20,3769,0.3769,0.5149074354917659,0.11008393879160808,0.2765602317717006
574,92,1494,103,1487,20,3770,0.377,0.5151803183447963,0.11023924062646787,0.276504933914016
574,92,1494,103,1487,20,3770,0.377,0.5151803183447963,0.11023924062646787,0.276504933914016
574,92,1494,103,1488,21,3772,0.3772,0.5155001256276365,0.11054954760283524,0.2767883367394175
577,93,1495,103,1489,21,3778,0.3778,0.5154211268106866,0.11023126731021601,0.27612266827434784
578,94,1496,103,1489,21,3781,0.3781,0.5158797570048466,0.11051441646972555,0.27569217246425737
578,95,1496,103,1490,21,3783,0.3783,0.5158022486383831,0.11066885317192239,0.27564628607889324
578,95,1498,103,1490,21,3785,0.3785,0.5162287002373169,0.11097743192976085,0.2755364568452577
578,95,1499,104,1492,21,3789,0.3789,0.5163445630549667,0.11051078689412673,0.2757097553504142
578,95,1499,104,1493,21,3790,0.379,0.5166864607439174,0.11084513132970604,0.27585112195926015
580,96,1500,104,1493,21,3794,0.3794,0.5166491848424288,0.11058501359654871,0.27523512369963576
580,96,1502,105,1494,21,3798,0.3798,0.5173643255054554,0.11065842545274385,0.27521244746185153
580,96,1503,106,1494,21,3800,0.38,0.5174548819388399,0.11045145474151055,0.2751031886843814
582,96,1505,106,1494,21,3804,0.3804,0.5175130480959442,0.10980387322639433,0.2746210466440126
582,96,1508,106,1495,22,3809,0.3809,0.5184943032146364,0.11027662156606115,0.2747401712463267
582,96,1508,106,1495,22,3809,0.3809,0.5184943032146364,0.11027662156606115,0.2747401712463267
582,97,1510,106,1495,22,3812,0.3812,0.5187509484820034,0.11022229839457405,0.2744453151227659
584,98,1511,106,1495,22,3816,0.3816,0.5188524173957135,0.10975384393609112,0.27383340636840564
584,98,1514,106,1495,23,3820,0.382,0.5196313021294914,0.11017533123047958,0.2738121742038375
584,98,1515,107,1496,23,3823,0.3823,0.5200130219163173,0.11009264813491254,0.2738450478206477
584,98,1517,107,1496,23,3825,0.3825,0.5201925521183993,0.10985793408255991,0.2737369383831636
585,99,1520,107,1497,23,3831,0.3831,0.5203766109710698,0.11004985759524762,0.27334566060446397
585,99,1521,108,1497,23,3833,0.3833,0.5209533341963076,0.1105314612531705,0.2732379357514881
585,99,1522,108,1498,23,3835,0.3835,0.5208771581346185,0.11029611168537595,0.2733249641791109
585,99,1523,109,1499,23,3838,0.3838,0.5213803729567975,0.11039060774992196,0.27335809094505503
586,99,1523,109,1500,23,3840,0.384,0.5217129991942575,0.11069194456636816,0.27331410021736974
589,99,1523,109,1500,23,3843,0.3843,0.5216142094646231,0.11078549664208731,0.2727606409337276
589,99,1523,110,1503,23,3847,0.3847,0.5219128741294684,0.11102863290301228,0.27312878941810953
590,99,1523,111,1503,23,3849,0.3849,0.5220068987803227,0.11082117742836804,0.2728910463118286
590,99,1523,111,1504,23,3850,0.385,0.5222481239171097,0.11097112470841938,0.2730314599834127
590,99,1524,112,1505,23,3853,0.3853,0.5224268578802574,0.11088460432558851,0.2730646771825806
594,99,1526,112,1506,23,3860,0.386,0.522476301279928,0.11014635679479286,0.27236323094454695
595,99,1528,112,1508,23,3865,0.3865,0.5228507062066328,0.10982247832345363,0.272353681045533
595,99,1529,112,1509,23,3867,0.3867,0.5228542834315578,0.10994222080966,0.2724404994951741
595,99,1530,112,1510,23,3869,0.3869,0.5230777224493179,0.10970546853372246,0.2725272224142601
595,99,1530,112,1511,23,3870,0.387,0.5229424553889483,0.10949804096631743,0.2726670603647651
595,99,1531,112,1511,23,3871,0.3871,0.5228934354504644,0.10929063866750055,0.272613849960379
595,99,1532,114,1512,23,3875,0.3875,0.5235351236566599,0.10917304492143759,0.2725940484482218
595,99,1532,114,1515,23,3878,0.3878,0.5243814190447966,0.1096180463782006,0.27301257045809485
595,99,1532,114,1516,23,3879,0.3879,0.5245471273130169,0.10958837104785724,0.27315188031426957
595,100,1533,114,1516,23,3881,0.3881,0.5248395447649157,0.1097066813459604,0.272916100217875
595,100,1534,114,1517,23,3883,0.3883,0.5249899711164113,0.10982473720247148,0.2730022297954389
595,100,1534,114,1517,23,3883,0.3883,0.5249899711164113,0.10982473720247148,0.2730022297954389
596,100,1535,114,1517,23,3885,0.3885,0.5250608160565884,0.10958724858982417,0.27276672863585194
598,100,1536,114,1518,23,3889,0.3889,0.5254147919666675,0.10946727174251862,0.27248841623835646
599,100,1537,114,1518,23,3891,0.3891,0.5256950508675273,0.10958454816154706,0.27225342601553154
599,100,1539,114,1518,23,3893,0.3893,0.5260963134602179,0.10987898137955514,0.2721477382896347
599,100,1539,114,1518,23,3893,0.3893,0.5260963134602179,0.10987898137955514,0.2721477382896347
599,100,1539,114,1518,23,3893,0.3893,0.5260963134602179,0.10987898137955514,0.2721477382896347
599,100,1540,114,1518,23,3894,0.3894,0.5262208618982169,0.11002605918146145,0.2720949251913895
599,100,1541,114,1519,23,3896,0.3896,0.5264746596035033,0.11014261549705068,0.2721812591623798
599,100,1542,114,1519,23,3897,0.3897,0.5267756195518364,0.11046673816981539,0.27212847866243733
599,101,1542,114,1519,23,3898,0.3898,0.5269484627817331,0.1104361830902115,0.2719467440546066
599,101,1543,115,1519,23,3900,0.39,0.5271093700066213,0.11019776674380993,0.27184133529784543
599,101,1544,115,1523,23,3905,0.3905,0.5274940438050608,0.1107525319495037,0.27234420328865844
599,101,1545,115,1523,23,3906,0.3906,0.5274780523424101,0.11072162017215399,0.2722915165450545
600,101,1545,116,1523,23,3908,0.3908,0.5274298348166692,0.11048272392694333,0.27205756060338465
600,101,1547,116,1523,23,3910,0.391,0.527549355094937,0.11059763753723097,0.27195237938276956
600,101,1547,116,1525,23,3912,0.3912,0.5279878173381853,0.1108891569238702,0.2722295720037753
600,101,1547,116,1528,23,3915,0.3915,0.5282769573977623,0.11114898142601612,0.2726446317221048
600,101,1547,116,1528,23,3915,0.3915,0.5282769573977623,0.11114898142601612,0.2726446317221048
600,101,1548,116,1528,23,3916,0.3916,0.5282955910596054,0.111117618857413,0.27259203021005396
600,101,1550,116,1529,23,3919,0.3919,0.5285657571397071,0.11103124560896487,0.2726250226172258
600,102,1550,116,1531,23,3922,0.3922,0.5284052630813508,0.11079162600364358,0.2727203018312922
600,102,1550,117,1531,23,3923,0.3923,0.5285620110098652,0.11079162600364358,0.2726677814914386
600,102,1551,117,1532,23,3925,0.3925,0.5286212057299737,0.11090506474599648,0.2727531463128477
600,102,1551,117,1533,23,3926,0.3926,0.5286634752274794,0.111049945693935,0.2728909148147265
600,103,1551,117,1535,23,3929,0.3929,0.528921866076881,0.11113911829418172,0.2729857690759833
600,103,1553,117,1536,23,3932,0.3932,0.5293333717603476,0.11121990133153155,0.2730183540808195
600,103,1554,118,1537,23,3935,0.3935,0.529695504173019,0.1111239627644763,0.2730508913272158
600,103,1556,118,1538,23,3938,0.3938,0.5298810089014888,0.11085948803953624,0.27308338092009093
600,103,1556,118,1538,23,3938,0.3938,0.5298810089014888,0.11085948803953624,0.27308338092009093
600,103,1557,119,1539,23,3941,0.3941,0.5303818371735051,0.11111520130130897,0.27311582296405773
600,103,1559,121,1540,23,3946,0.3946,0.5310232379331006,0.11158040153261574,0.2730436235576925
601,103,1560,121,1540,23,3948,0.3948,0.5313383487706905,0.11169128187063673,0.27281179323017063
601,104,1561,121,1540,23,3950,0.395,0.5312953238011734,0.1114502120354004,0.2725801401763772
603,104,1562,121,1540,23,3953,0.3953,0.5313639803565343,0.11156522471212127,0.2721693950421907
603,104,1562,121,1540,23,3953,0.3953,0.5313639803565343,0.11156522471212127,0.2721693950421907
603,105,1562,121,1541,23,3955,0.3955,0.5316126916318182,0.11167538193056106,0.27212729236259153
604,105,1562,121,1543,23,3958,0.3958,0.5320890835860717,0.11192797302686619,0.27222217872714455
604,105,1562,122,1543,23,3959,0.3959,0.5324059756998555,0.11224616002860556,0.27217021268260727
604,105,1562,123,1543,23,3960,0.396,0.532502191352479,0.11221306186527996,0.27211826647447274
604,107,1563,123,1543,23,3963,0.3963,0.5328522569231126,0.1119964452809764,0.2717087606001886
604,109,1564,123,1544,23,3967,0.3967,0.5330806867248815,0.11189693902842629,0.2714366824585845
604,109,1564,123,1545,23,3968,0.3968,0.5330723435504238,0.11186370498036606,0.27157354740039424
605,109,1565,123,1545,23,3970,0.397,0.5330995836971608,0.111972512031564,0.2713434276676095
606,109,1565,123,1546,23,3972,0.3972,0.533181886034138,0.1119057595416981,0.27130193663119534
606,109,1566,123,1546,23,3973,0.3973,0.5332742835439531,0.11204762337535457,0.2712503083225976
606,109,1566,123,1547,23,3974,0.3974,0.5333666345176263,0.11201413771615516,0.27138703899268135
606,109,1566,123,1550,23,3977,0.3977,0.5336802821033038,0.11243901678855621,0.27179666423116444
606,110,1566,124,1550,23,3979,0.3979,0.5341802250587684,0.11272182782785822,0.27156703181999314
607,110,1566,124,1550,23,3980,0.398,0.5340459076775618,0.11251291434988184,0.27138910809091304
607,110,1566,124,1552,23,3982,0.3982,0.5344216310811154,0.11262027028919327,0.27166184639802776
607,110,1567,124,1552,23,3983,0.3983,0.5343920444066395,0.1124113432683304,0.27161029579998736
607,110,1568,124,1553,23,3985,0.3985,0.5348395606200952,0.11251842151796101,0.27169497668786063
607,110,1568,125,1553,23,3986,0.3986,0.5348935803136377,0.11248440725812249,0.2716434571263992
608,110,1569,125,1553,23,3988,0.3988,0.5351270088806069,0.1125911526427211,0.2714143811408203
608,110,1570,125,1554,23,3990,0.399,0.5351898082041269,0.11241426276074684,0.27149907330326367
608,110,1570,125,1555,23,3991,0.3991,0.5353272564300869,0.11255486624197623,0.27163510884943703
608,112,1570,125,1555,23,3993,0.3993,0.5355455552155022,0.11266107804665446,0.2712803865451538
608,112,1570,125,1555,23,3993,0.3993,0.5355455552155022,0.11266107804665446,0.2712803865451538
610,112,1571,125,1556,23,3997,0.3997,0.5357997849442737,0.1123489180352716,0.2710107465909893
610,112,1572,125,1556,23,3998,0.3998,0.5358304566710295,0.11213988636110855,0.2709594971575056
611,112,1572,126,1557,23,4001,0.4001,0.5359941418615977,0.11186195218925393,0.27086730544971455
611,112,1572,127,1558,23,4003,0.4003,0.5362243590763811,0.11161844139836147,0.27095202861236595
611,112,1572,127,1559,23,4004,0.4004,0.5364402490141276,0.11175832273433871,0.27108783419563015
612,112,1572,127,1559,23,4005,0.4005,0.5364402490141276,0.1115493135730383,0.2709110872575146
612,112,1573,128,1559,23,4007,0.4007,0.536534187872706,0.11147208037505688,0.2708088474592543
612,112,1574,128,1559,23,4008,0.4008,0.5367325940148339,0.1114374031982387,0.2707577564930605
613,112,1575,128,1559,23,4010,0.401,0.5366310467054571,0.1111857087608788,0.2705301762458685
613,113,1575,128,1561,23,4013,0.4013,0.5366674795417844,0.11090718905592334,0.27062521108518994
614,113,1575,128,1563,23,4016,0.4016,0.5366228509132518,0.11062854430108962,0.2707200801112215
615,113,1575,128,1564,23,4018,0.4018,0.5366336682936305,0.11038469613515374,0.27067939326078383
615,113,1575,129,1564,23,4019,0.4019,0.5366729735927963,0.11069781245537488,0.27062847161347925
615,113,1576,129,1564,23,4020,0.402,0.5368049441339003,0.11069978949883674,0.2705775691218735
615,113,1576,129,1565,23,4021,0.4021,0.5368165270040023,0.11073072109093764,0.27071294350607006
616,113,1578,129,1565,23,4024,0.4024,0.5370559713552471,0.11113903171195277,0.2704353160936246
616,113,1580,129,1566,23,4027,0.4027,0.537230745851946,0.11138075217654914,0.2704689983767226
617,113,1581,129,1566,24,4030,0.403,0.5377021396850229,0.11161386649392388,0.2703778008933728
617,113,1581,129,1567,24,4031,0.4031,0.5378317204324377,0.11157830371545467,0.2705129272315621
618,113,1583,130,1567,24,4035,0.4035,0.5380737589452766,0.11195649220542948,0.27018540563709603
618,113,1584,131,1567,24,4037,0.4037,0.5383689533783975,0.11174713082230246,0.2700841532886347
618,114,1585,131,1567,24,4039,0.4039,0.5390306850983649,0.1123695049013257,0.26985837462794926
618,114,1586,131,1567,24,4040,0.404,0.538963496410991,0.1121600484935808,0.26980783812483605
618,114,1588,131,1567,24,4042,0.4042,0.539117551142833,0.11208805093072215,0.26970682188131595
618,114,1589,131,1567,24,4043,0.4043,0.539425896341739,0.11239879999840731,0.26965634211966094
618,114,1589,131,1567,24,4043,0.4043,0.539425896341739,0.11239879999840731,0.26965634211966094
618,114,1591,131,1567,24,4045,0.4045,0.5398933562155755,0.1124998495277579,0.2695554392635014
619,114,1591,133,1569,24,4050,0.405,0.5404876472370511,0.11318447875638235,0.26954979050265077
619,114,1592,134,1569,24,4052,0.4052,0.5404473690746142,0.1131114224514552,0.26944909018469626
619,114,1592,134,1569,24,4052,0.4052,0.5404473690746142,0.1131114224514552,0.26944909018469626
619,114,1592,134,1570,24,4053,0.4053,0.5405044244654242,0.11324797741433044,0.26958391485824124
620,114,1592,134,1571,24,4055,0.4055,0.5404369178827555,0.11317467948717946,0.26954415572925416
621,114,1592,134,1571,24,4056,0.4056,0.5403583851345668,0.11313798349463823,0.2693697284407978
621,114,1592,134,1571,24,4056,0.4056,0.5403583851345668,0.11313798349463823,0.2693697284407978
621,114,1593,135,1571,24,4058,0.4058,0.540432852207171,0.11310125616168643,0.269269238657877
621,114,1593,135,1571,24,4058,0.4058,0.540432852207171,0.11310125616168643,0.269269238657877
621,114,1594,137,1572,24,4062,0.4062,0.5410369339787989,0.11247205423235386,0.2692533139492892
621,114,1597,138,1572,24,4066,0.4066,0.5412330360343871,0.11249761217576752,0.26905275111680355
621,115,1597,139,1572,24,4068,0.4068,0.5412959369118543,0.11246068738964268,0.2688287465864871
621,115,1599,139,1572,24,4070,0.407,0.5414772574716225,0.1127322611167908,0.2687286977936287
621,115,1600,139,1572,24,4071,0.4071,0.5416056112473836,0.11286792180092022,0.26867870131803784
621,115,1600,139,1572,24,4071,0.4071,0.5416056112473836,0.11286792180092022,0.26867870131803784
622,115,1600,139,1572,24,4072,0.4072,0.5417709701714344,0.11300349844291371,0.26850498033566206
622,116,1601,139,1574,24,4076,0.4076,0.5423219599565592,0.11323709805895493,0.2685505513431661
622,116,1601,139,1576,24,4078,0.4078,0.5426980087407403,0.11316240112939442,0.2688193101835745
622,116,1602,139,1576,24,4079,0.4079,0.5426972687483334,0.1131250059912384,0.26876940147613554
622,116,1604,139,1577,24,4082,0.4082,0.5430047849452185,0.11318510283131315,0.26880385878502305
623,116,1604,139,1577,24,4083,0.4083,0.542998619796386,0.11331999968832594,0.2686306007390895
623,116,1604,140,1578,24,4085,0.4085,0.5429477925944695,0.11324476261922335,0.26871493499678545
624,117,1604,142,1578,24,4089,0.4089,0.543449548647367,0.11378305827476824,0.2682693256072284
625,117,1604,143,1578,24,4091,0.4091,0.5436622841768641,0.11391742406354928,0.2680467682908767
626,117,1604,143,1578,24,4092,0.4092,0.5437005272580341,0.11370724022633748,0.2678739649646804
627,117,1606,143,1578,24,4095,0.4095,0.5435544093777015,0.11342112640780051,0.26760214750016287
627,117,1606,144,1579,24,4097,0.4097,0.543677973590773,0.11351715447447726,0.26768681792871235
628,117,1606,144,1579,24,4098,0.4098,0.543796131640071,0.11365112162118626,0.2675142988280907
628,117,1606,144,1579,24,4098,0.4098,0.543796131640071,0.11365112162118626,0.2675142988280907
629,117,1607,144,1580,24,4101,0.4101,0.5437393635485137,0.1131925314039637,0.26742657405824444
629,117,1608,144,1580,24,4102,0.4102,0.5439354306199323,0.11332629724890642,0.267377164802332
629,117,1608,145,1581,24,4104,0.4104,0.5443042426049959,0.11342165973442386,0.26746181732430935
629,117,1609,145,1581,24,4105,0.4105,0.5444234889085141,0.11342000514492023,0.26741243638799245
629,117,1610,145,1581,24,4106,0.4106,0.5442907674338899,0.11320975003415902,0.26736307368251494
629,118,1610,145,1582,24,4108,0.4108,0.5447280851235745,0.11326806936035992,0.2673249230775479
629,118,1610,145,1582,24,4108,0.4108,0.5447280851235745,0.11326806936035992,0.2673249230775479
629,119,1610,146,1582,24,4110,0.411,0.5452586260326368,0.11336285560923243,0.26710362760640044
629,119,1610,146,1582,24,4110,0.411,0.5452586260326368,0.11336285560923243,0.26710362760640044
629,120,1611,146,1583,24,4113,0.4113,0.5454235606117056,0.11359045536369594,0.2670164252718899
631,121,1611,146,1583,24,4116,0.4116,0.5455552500805634,0.11347424723629437,0.26650126466267343
631,121,1611,146,1584,24,4117,0.4117,0.5456584161624493,0.11360703556135629,0.26663520363248844
631,121,1612,146,1585,24,4119,0.4119,0.5456689160354017,0.11318622911418343,0.26671995640890467
631,121,1612,146,1585,24,4119,0.4119,0.5456689160354017,0.11318622911418343,0.26671995640890467
631,122,1612,146,1586,24,4121,0.4121,0.5457979469233024,0.11345143737930152,0.2666822530750969
631,122,1612,146,1587,24,4122,0.4122,0.5459429345862294,0.11358391869341135,0.2668159480210221
631,122,1613,146,1587,24,4123,0.4123,0.5461364073243384,0.11388774991300835,0.26676689369123635
631,122,1613,146,1588,24,4124,0.4124,0.5463702392180763,0.11384863596288079,0.266900491124495
631,122,1614,147,1588,24,4126,0.4126,0.5465216041351626,0.11359896159532476,0.26680242021333395
632,122,1615,147,1588,24,4128,0.4128,0.5466566567034773,0.11334926744758386,0.26658224709840733
632,122,1615,147,1589,24,4129,0.4129,0.5466332247867007,0.11313877374715703,0.2667157634950237
632,122,1615,147,1589,24,4129,0.4129,0.5466332247867007,0.11313877374715703,0.2667157634950237
633,122,1615,147,1589,24,4130,0.413,0.5465007397588805,0.11292830056140805,0.2665446941957
633,122,1615,147,1590,24,4131,0.4131,0.5465904334654246,0.11295421887406183,0.26667815412129947
633,122,1616,149,1593,24,4137,0.4137,0.5469943209377248,0.11271817997588847,0.2669312028998081
633,123,1616,149,1593,24,4138,0.4138,0.546944940875296,0.11250768415434009,0.266760447339081
633,123,1616,150,1594,24,4140,0.414,0.5474299771708109,0.1127707478340173,0.2668446955437787
634,123,1616,150,1595,24,4142,0.4142,0.5472401907655866,0.11252064315568452,0.26680712354801095
635,123,1617,150,1597,24,4146,0.4146,0.5477674855772606,0.11270375979842351,0.2668537036136036
636,124,1617,150,1597,24,4148,0.4148,0.5481848275243758,0.11279498435504999,0.26651304858066815
636,125,1618,150,1597,24,4150,0.415,0.5485262494025369,0.1130567327279755,0.26629416148132207
636,125,1618,150,1597,24,4150,0.415,0.5485262494025369,0.1130567327279755,0.26629416148132207
636,125,1618,150,1597,24,4150,0.415,0.5485262494025369,0.1130567327279755,0.26629416148132207
637,125,1618,150,1597,24,4151,0.4151,0.548462875405988,0.11284604427658577,0.2661240292304366
637,126,1618,151,1597,24,4153,0.4153,0.5487073163219435,0.11310740951541641,0.2659054038333612
638,126,1618,152,1598,24,4156,0.4156,0.5491551567859584,0.11332825844332303,0.26581991462802046
639,126,1618,152,1598,24,4157,0.4157,0.5490229258307968,0.11311746395658935,0.2656500801890642
639,126,1618,153,1598,24,4158,0.4158,0.5491314903647807,0.11307723443087568,0.26560163191539604
640,126,1618,154,1598,24,4160,0.416,0.5494748815689836,0.11298859420633038,0.26538350826144547
641,126,1618,155,1598,24,4162,0.4162,0.5497139165328411,0.11307836720877922,0.26516554349237714
641,126,1620,155,1599,25,4166,0.4166,0.5499300376241962,0.1134356920658315,0.2653347286595773
641,126,1623,155,1599,25,4169,0.4169,0.5499443794481221,0.11314352961575518,0.26518989006234817
641,126,1623,155,1600,25,4170,0.417,0.5500124036809317,0.11310286366892949,0.2653226332603447
641,126,1623,156,1602,25,4173,0.4173,0.5503335482426603,0.11264034393788139,0.2655395875776511
642,126,1625,156,1603,25,4177,0.4177,0.5507760791988179,0.11283760226037119,0.265406535996231
642,126,1625,156,1603,25,4177,0.4177,0.5507760791988179,0.11283760226037119,0.265406535996231
642,126,1628,156,1603,25,4180,0.418,0.5509075117272167,0.11271477906639969,0.2652620333891729
642,126,1629,156,1603,25,4181,0.4181,0.5512703939764242,0.11284375067698885,0.26521390081405033
642,126,1629,156,1604,25,4182,0.4182,0.551184141869419,0.11280269497772688,0.2653462684292284
642,126,1632,157,1604,26,4187,0.4187,0.5515279446209612,0.11243525464534702,0.2652861279281318
642,126,1632,157,1604,26,4187,0.4187,0.5515279446209612,0.11243525464534702,0.2652861279281318
643,127,1634,158,1604,26,4192,0.4192,0.5521522566014181,0.11256830966873842,0.26480512549849095
643,127,1634,158,1604,27,4193,0.4193,0.5522226958388544,0.11256830966873842,0.26493732497032224
644,127,1635,159,1604,27,4196,0.4196,0.5523483316322267,0.11227436653000213,0.2646732299362144
644,127,1635,159,1604,27,4196,0.4196,0.5523483316322267,0.11227436653000213,0.2646732299362144
645,127,1636,159,1604,27,4198,0.4198,0.5524249872862387,0.11185223120685933,0.2644572303791146
646,127,1637,160,1604,28,4202,0.4202,0.5525291229514879,0.11185559641602232,0.2643257998930575
646,127,1638,160,1604,28,4203,0.4203,0.5524498781543526,0.11164451125237347,0.2642780560621298
646,127,1638,160,1605,28,4204,0.4204,0.5523183424690778,0.11143344503889437,0.26441012702031214
646,127,1638,160,1605,28,4204,0.4204,0.5523183424690778,0.11143344503889437,0.26441012702031214
646,127,1639,161,1605,28,4206,0.4206,0.5525790191266365,0.11151952120798996,0.26431467471682196
647,127,1640,161,1605,28,4208,0.4208,0.5527720516262591,0.11109737483010906,0.26409925781280635
648,127,1640,161,1605,28,4209,0.4209,0.5526787066461474,0.1108863298682271,0.2639316016420297
648,127,1640,161,1607,28,4211,0.4211,0.5528385403434342,0.11114134587129003,0.26419555954904145
648,127,1640,161,1607,28,4211,0.4211,0.5528385403434342,0.11114134587129003,0.26419555954904145
648,127,1640,162,1607,28,4212,0.4212,0.5531388797270661,0.11093026003747355,0.2641479377329213
648,127,1640,162,1607,28,4212,0.4212,0.5531388797270661,0.11093026003747355,0.2641479377329213
648,127,1641,163,1607,28,4214,0.4214,0.5534048922488563,0.1110576207171962,0.26405274558572717
648,128,1641,163,1607,28,4215,0.4215,0.5536178096337413,0.1110576207171962,0.26388532835653306
648,128,1642,163,1607,28,4216,0.4216,0.5536802618790008,0.11101571346658792,0.26383779671787266
648,128,1643,164,1607,28,4218,0.4218,0.5538779637458062,0.11076266841445943,0.2637427847911087
648,129,1645,164,1608,28,4222,0.4222,0.5545231493567406,0.11075550773994403,0.2636125234132633
648,129,1646,164,1610,28,4225,0.4225,0.5544593907678694,0.1106290696292878,0.2638285245646739
649,129,1646,165,1610,28,4227,0.4227,0.5546060296079449,0.11071355303971331,0.26361417570448625
649,129,1646,165,1611,28,4228,0.4228,0.554732098543199,0.11084016410667834,0.2637457778458221
649,129,1646,165,1611,28,4228,0.4228,0.554732098543199,0.11084016410667834,0.2637457778458221
650,129,1646,165,1611,28,4229,0.4229,0.5546991641803686,0.11062894550132127,0.2635789348163642
650,129,1646,165,1613,28,4231,0.4231,0.5546423033548864,0.11020656345403404,0.2638419431891128
651,129,1647,166,1613,28,4234,0.4234,0.5547062742531036,0.10991063965486841,0.26358062427729373
651,131,1649,166,1613,28,4238,0.4238,0.5553793265904953,0.10957210273828868,0.2631531375169602
651,131,1650,167,1613,28,4240,0.424,0.5553846558351015,0.10936094697174105,0.2630588288857167
651,131,1650,168,1613,28,4241,0.4241,0.5555957994140879,0.10948703422106153,0.26301169991424783
652,133,1650,168,1613,28,4244,0.4244,0.556197288133158,0.11037045446742633,0.2625130546947935
652,133,1651,168,1613,28,4245,0.4245,0.5564021461175642,0.11032764386117977,0.26246605714413124
652,134,1652,168,1613,28,4247,0.4247,0.5564619769859196,0.11007346454906453,0.26225305643688096
652,134,1654,169,1613,28,4250,0.425,0.5565401221920506,0.11032452802383175,0.26211232935977513
652,134,1654,169,1614,28,4251,0.4251,0.5566724625785348,0.11063825003345355,0.26224382096950843
652,135,1656,169,1614,28,4254,0.4254,0.5570902490627404,0.11038374240691419,0.2619843301712235
652,136,1656,170,1616,28,4258,0.4258,0.5573371250458905,0.11041447421054576,0.26203467381807055
653,136,1656,170,1616,28,4259,0.4259,0.5574098229405134,0.11037126247337814,0.2618691505351524
653,136,1656,171,1617,28,4261,0.4261,0.5574826865426086,0.11032802131111367,0.2619537078328755
653,136,1657,172,1617,28,4263,0.4263,0.5574573212828879,0.11010837687836578,0.2618602687347808
653,136,1657,172,1617,28,4263,0.4263,0.5574573212828879,0.11010837687836578,0.2618602687347808
653,136,1658,172,1618,28,4265,0.4265,0.5574890240187326,0.11002179310729689,0.2619447578750493
653,136,1659,172,1618,28,4266,0.4266,0.5575872646222454,0.110146595005356,0.26189807171044494
653,136,1660,172,1618,28,4267,0.4267,0.557620671315977,0.1099432600115121,0.2618514021845364
654,136,1661,172,1618,28,4269,0.4269,0.5575019367418168,0.10968837535014,0.26163960992948754
654,136,1661,172,1618,28,4269,0.4269,0.5575019367418168,0.10968837535014,0.26163960992948754
654,136,1661,172,1618,28,4269,0.4269,0.5575019367418168,0.10968837535014,0.26163960992948754
654,136,1661,173,1618,28,4270,0.427,0.5577521706994488,0.1096449460776956,0.2615930113592899
655,136,1661,173,1618,28,4271,0.4271,0.5577724876138489,0.10976950758606438,0.2614279684149096
655,136,1661,173,1618,28,4271,0.4271,0.5577724876138489,0.10976950758606438,0.2614279684149096
656,136,1662,173,1618,28,4273,0.4273,0.557889975220284,0.1098504282756358,0.2612164774799289
657,136,1662,173,1618,28,4274,0.4274,0.5577593218303027,0.10963888479057896,0.2610515894778902
657,136,1662,174,1618,28,4275,0.4275,0.5578420546304153,0.10963888479057896,0.2610051369638997
657,136,1663,174,1618,28,4276,0.4276,0.5578584253521258,0.10959528513458032,0.26095870097884255
657,136,1663,174,1618,28,4276,0.4276,0.5578584253521258,0.10959528513458032,0.26095870097884255
657,136,1664,174,1618,28,4277,0.4277,0.5580190125727426,0.10988746174352003,0.26091228151389806
657,136,1665,174,1618,28,4278,0.4278,0.5582589082958966,0.11001163590619055,0.2608658785602522
657,136,1665,174,1619,28,4279,0.4279,0.5583878591499851,0.11013573392536129,0.2609970230718968
657,136,1665,174,1619,28,4279,0.4279,0.5583878591499851,0.11013573392536129,0.2609970230718968
657,136,1666,174,1620,28,4281,0.4281,0.5583293814666478,0.11004808338736055,0.2610816797671302
657,136,1667,174,1620,28,4282,0.4282,0.5584710262382279,0.11000421421995832,0.2610352931774303
658,136,1667,174,1620,29,4284,0.4284,0.558668261999591,0.11025186630709614,0.26100173722820275
658,136,1667,174,1620,29,4284,0.4284,0.558668261999591,0.11025186630709614,0.26100173722820275
658,136,1667,174,1621,29,4285,0.4285,0.5585377625223661,0.11004014696093799,0.26113264113413415
658,136,1668,174,1622,29,4287,0.4287,0.5586466249571755,0.10995209878805244,0.261217103072173
659,136,1668,174,1623,29,4289,0.4289,0.5585109005781324,0.10970449636021139,0.26118350066421875
659,136,1669,175,1623,29,4291,0.4291,0.5588458098332342,0.11011899088756182,0.2610908931539481
659,136,1669,175,1625,29,4293,0.4293,0.5588949774268237,0.11003050101916576,0.261352120817977
660,137,1669,175,1625,29,4295,0.4295,0.5590262201269165,0.11010937780168549,0.26102390508129175
660,137,1669,175,1627,29,4297,0.4297,0.5595577709211738,0.11005670623084601,0.261284915432209
660,137,1669,175,1627,29,4297,0.4297,0.5595577709211738,0.11005670623084601,0.261284915432209
661,137,1669,175,1628,29,4299,0.4299,0.5594258187466775,0.10996781434568277,0.2612513629618179
661,137,1669,175,1629,29,4300,0.43,0.5594249178474244,0.10995941337684889,0.26138168806954526
661,137,1671,176,1629,29,4303,0.4303,0.5596471768565484,0.10999305921375262,0.26124308670424456
661,137,1671,176,1629,29,4303,0.4303,0.5596471768565484,0.10999305921375262,0.26124308670424456
661,137,1671,176,1630,29,4304,0.4304,0.5597108247999151,0.10994842719965249,0.2613733035269066
661,137,1672,177,1630,30,4307,0.4307,0.5601149309975915,0.11002630513961961,0.2614110847698619
661,137,1673,177,1630,30,4308,0.4308,0.5599847927701292,0.1098143568773992,0.26136493324733
661,137,1674,177,1631,30,4310,0.431,0.5601836364511905,0.10972483148694555,0.26144881510832346
661,137,1676,178,1631,30,4313,0.4313,0.5606229174419215,0.10959852946732529,0.2613104826390395
661,137,1677,178,1631,30,4314,0.4314,0.5607055262004422,0.10938656872938221,0.2612644043398342
661,138,1680,179,1631,30,4319,0.4319,0.5607155186432332,0.1091617860497834,0.2609170527982547
661,138,1681,179,1631,30,4320,0.432,0.5608327455079282,0.10894160218822399,0.26087109248887347
662,138,1681,179,1632,30,4322,0.4322,0.5607447420747764,0.10868458695152883,0.26083790520412053
662,138,1681,179,1633,30,4323,0.4323,0.560743081201078,0.1086395013258154,0.26096774130263106
662,138,1681,179,1634,30,4324,0.4324,0.5606132795619111,0.10842754698965412,0.2610974943512314
664,139,1681,179,1635,30,4328,0.4328,0.5609781697046009,0.10858038714459345,0.26073854051693496
664,139,1682,180,1635,30,4330,0.433,0.5610930775362325,0.10848979379016029,0.2606468969199039
664,139,1683,180,1635,30,4331,0.4331,0.5611354596582441,0.10861113426118839,0.26060109927510533
664,139,1684,180,1637,30,4334,0.4334,0.561372438279618,0.10879987682704255,0.260814519891772
664,139,1686,180,1637,30,4336,0.4336,0.5613616916498007,0.10870879893612857,0.26072297243178494
664,139,1687,180,1638,30,4338,0.4338,0.5612795373543155,0.10828456144634843,0.26080667548601566
664,140,1688,180,1638,30,4340,0.434,0.5617032831015968,0.10823896666470569,0.2605985535245295
664,140,1688,180,1639,30,4341,0.4341,0.5616355297835788,0.10819334300887931,0.2607279446797346
664,141,1690,180,1639,30,4344,0.4344,0.5621941973458305,0.10838911742430965,0.2604743445938779
665,141,1691,181,1639,30,4347,0.4347,0.5622860996469304,0.10841802035954083,0.26022101082703514
665,141,1691,181,1639,30,4347,0.4347,0.5622860996469304,0.10841802035954083,0.26022101082703514
665,141,1693,181,1639,30,4349,0.4349,0.5623785319316017,0.1081599086285066,0.2601299056283935
665,141,1694,181,1640,30,4351,0.4351,0.562405426250167,0.10823427544857878,0.2602136867964105
665,142,1694,181,1640,30,4352,0.4352,0.5624077695450943,0.10823427544857878,0.26005178932891954
665,142,1695,181,1640,30,4353,0.4353,0.5625237177854074,0.10818826727248101,0.2600063047000871
665,142,1695,181,1640,30,4353,0.4353,0.5625237177854074,0.10818826727248101,0.2600063047000871
665,144,1695,181,1641,30,4356,0.4356,0.5627527548961575,0.10838239488789785,0.25981205790654355
665,144,1696,182,1641,31,4359,0.4359,0.5631288587334714,0.10830740939200717,0.2598504724562359
665,144,1696,182,1642,31,4360,0.436,0.5631662925299492,0.10859329465078206,0.2599795980420148
665,144,1697,182,1642,31,4361,0.4361,0.5632674635103114,0.1087130112884942,0.2599342090012837
665,144,1698,182,1642,31,4362,0.4362,0.5631382144365367,0.10850059789818675,0.25988883580645306
666,144,1698,182,1642,31,4363,0.4363,0.5630090246649293,0.10828820042469893,0.2597273749408959
667,144,1698,182,1642,31,4364,0.4364,0.5630942344779704,0.10824180266371312,0.2595659703376332
667,144,1699,182,1642,31,4365,0.4365,0.5631338171542455,0.10818713194178854,0.2595206851115576
667,144,1699,182,1643,31,4366,0.4366,0.5631288957534002,0.10797473670440476,0.2596497617776922
667,144,1699,182,1643,31,4366,0.4366,0.5631288957534002,0.10797473670440476,0.2596497617776922
667,144,1699,182,1643,31,4366,0.4366,0.5631288957534002,0.10797473670440476,0.2596497617776922
667,144,1701,182,1643,31,4368,0.4368,0.5630864235488635,0.10788178337775436,0.2595592223927247
668,144,1701,182,1643,31,4369,0.4369,0.5631967003005005,0.1080011364122253,0.25939801070018137
668,144,1701,182,1643,31,4369,0.4369,0.5631967003005005,0.1080011364122253,0.25939801070018137
669,144,1701,182,1644,31,4371,0.4371,0.5629807488310095,0.1075763101274707,0.25936589090495393
669,144,1701,182,1644,31,4371,0.4371,0.5629807488310095,0.1075763101274707,0.25936589090495393
669,144,1701,182,1644,31,4371,0.4371,0.5629807488310095,0.1075763101274707,0.25936589090495393
669,144,1701,182,1644,31,4371,0.4371,0.5629807488310095,0.1075763101274707,0.25936589090495393
670,144,1701,183,1645,31,4374,0.4374,0.5631002382737138,0.10727071196119435,0.2592886480846522
671,144,1702,185,1646,32,4380,0.438,0.564000161773948,0.10682476933253807,0.25925014808387603
671,145,1702,185,1646,32,4381,0.4381,0.5640740964839864,0.10677797227438854,0.2590894178787006
671,145,1702,185,1647,32,4382,0.4382,0.5641736684126104,0.10706231719449244,0.2592181803019857
671,145,1702,185,1647,32,4382,0.4382,0.5641736684126104,0.10706231719449244,0.2592181803019857
671,145,1702,185,1647,32,4382,0.4382,0.5641736684126104,0.10706231719449244,0.2592181803019857
672,145,1702,186,1647,33,4385,0.4385,0.564760695280688,0.10677534296827373,0.25914122678342677
672,145,1703,187,1647,33,4387,0.4387,0.5651907122379604,0.10717780725078185,0.25905123964994337
672,145,1705,187,1648,33,4390,0.439,0.5652943209619198,0.10720186225465993,0.25908990257976033
672,145,1705,188,1649,33,4392,0.4392,0.5658265188593556,0.10808033955599451,0.25917345390714336
672,146,1706,188,1649,33,4394,0.4394,0.5660461047096784,0.10836364638447973,0.25896825847596644
672,147,1708,188,1649,33,4397,0.4397,0.5660439436294407,0.1080559233573012,0.2587183678068752
673,148,1708,188,1649,33,4399,0.4399,0.5659768705236482,0.10779562720826939,0.25839827531967624
673,148,1708,188,1650,33,4400,0.44,0.5660480696554601,0.1077480757053376,0.2585267811868177
673,148,1710,189,1650,33,4403,0.4403,0.5660917914062011,0.10777039843170318,0.2583925504619833
673,148,1710,189,1650,33,4403,0.4403,0.5660917914062011,0.10777039843170318,0.2583925504619833
673,148,1710,189,1650,33,4403,0.4403,0.5660917914062011,0.10777039843170318,0.2583925504619833
673,148,1711,189,1650,33,4404,0.4404,0.5660654069081542,0.10755758573740554,0.25834783785699944
673,148,1711,189,1650,33,4404,0.4404,0.5660654069081542,0.10755758573740554,0.25834783785699944
673,148,1711,190,1650,33,4405,0.4405,0.5663447008614216,0.10755758573740554,0.2583031407236005
673,148,1711,191,1650,33,4406,0.4406,0.5663835313728744,0.10755758573740554,0.2582584590537576
673,148,1712,192,1650,33,4408,0.4408,0.5665258467104717,0.10729708801938138,0.2581691420726527
673,148,1712,193,1650,33,4409,0.4409,0.5667521727528738,0.10729708801938138,0.25812450674536036
673,148,1713,193,1650,33,4410,0.441,0.5669148103290382,0.10724935951664046,0.25807988684956423
673,148,1714,195,1650,34,4414,0.4414,0.5671842154740314,0.10722313577868085,0.25807443861033397
673,148,1714,196,1650,34,4415,0.4415,0.5671689844118065,0.10701029138016499,0.2580298721881622
